;company_name;main_activity;address;company_city;postcode;country;clustered;clustered_unit_ecoinvent;ecoinvent;group;sector;subsector;sector_ecoinvent_delimited;sector_ecoinvent;co2_products;input_1;input_2;input_3;input_1_sector_ecoinvent_delimited;input_2_sector_ecoinvent_delimited;input_3_sector_ecoinvent_delimited;co2_input_1;co2_input_2;co2_input_3;companies_id;products_companies_id;products_id;delimited_products_id;delimited_id;clustered_delimited_id;clustered_id;main_activity_id;categories_id;categories_sector_ecoinvent_delimited_id;sector_ecoinvent_delimited_id;sector_ecoinvent_delimited_sector_ecoinvent_id;sector_ecoinvent_id
1;fleischerei stiefsohn;manufacturer/ producer;linzerstrasse 15 | 3385 prinzersdorf;prinzersdorf;3385;austria;shellfish;kg;ordinary transforming activity;agriculture_livestock;animals_livestock;fish_meal_for_livestock_and_poultry;infrastructure & machinery;infrastructure & machinery waste treatment & recycling pulp & paper;33.25;drone for crop inspections;lubricant for motorcycles;fluid containers;steel_metal_transformation;frozen_food;cars;25.74;14.44;55.58;fleischerei-stiefsohn_00000005219477-001;228f0255ed9bc6160f97e3cc2e07425ec3958cd5;cf914aa7a0739404346fb15d684263cb71479efb;1465c218911e5dbfa9f6a65f62c9084737c8b481;7fe3519695c56b1307f26725b8efd72d28bada72;a61140d857877bad8aec2c38d8bbb976d41584a9;7fe3519695c56b1307f26725b8efd72d28bada72;fd62c01c0168c1f02250969af71e56bf0ea681f5;b45f981bba43e76756e7e8e836728a75d5bb95ec;52728ae24adcce08ff3a45945187c0eb6b3268f8;fff49bd7f46c38c28dc6cbdcddf38daa3688823a;e34650745979a9397ec7f6e6ef5145c8416789cd;42f0f7713747d5487dd8331937eed2690fa6e1a7
2;fleischerei stiefsohn;manufacturer/ producer;linzerstrasse 15 | 3385 prinzersdorf;prinzersdorf;3385;austria;crustaceans;kg;ordinary transforming activity;metallurgy_metalworking;steels_and_metals_welding_and_brazing;NA;metals;infrastructure & machinery metals;98.25;service for testing machines;pipe profiling;checking pipe seals;steel_metals;frozen_food;cars;43.58;-2.3;31.84;fleischerei-stiefsohn_00000005219477-001;228f0255ed9bc6160f97e3cc2e07425ec3958cd5;cf914aa7a0739404346fb15d684263cb71479efb;d7ecb12a798203ddebabe614ec1c1deebf99fd85;140ae6d7fbd60682bf67a2bfc46607cada04d58f;2fbe64774a5d2dde201a138f8067334794da9244;140ae6d7fbd60682bf67a2bfc46607cada04d58f;fd62c01c0168c1f02250969af71e56bf0ea681f5;4a6cf87f41d939a604cbc5ac2df92e6f8cdcc541;996991abb72789c033cc48c86e1de859582afa9e;059cd1abf26b7bc46af1550003fa691c12a200a1;21f8baa039f768a477cd6b51379eaccabd0e2c15;593b2f27e907d525405c45261b7f659c6f7dc5ab
3;fleischerei stiefsohn;manufacturer/ producer;linzerstrasse 15 | 3385 prinzersdorf;prinzersdorf;3385;austria;fish;m3;ordinary transforming activity;construction_public_works;equipment;glass_fibre_and_wool;infrastructure & machinery;infrastructure & machinery transport;-2.98;gold bars;freeze-dried food products;temporary site protection;cars;cars;cars;86.02;43.04;44.22;fleischerei-stiefsohn_00000005219477-001;8a205dc958444fb12bff2b7d72584042434acbbd;64875fcccaac069fcb3e0e201e7d5b9166641608;64875fcccaac069fcb3e0e201e7d5b9166641608;64875fcccaac069fcb3e0e201e7d5b9166641608;d2f9023b9ee96c6d2516e062619730e3d07ac122;64875fcccaac069fcb3e0e201e7d5b9166641608;fd62c01c0168c1f02250969af71e56bf0ea681f5;43de36b4983ff999e16ca6ca4165325135ea924b;073c79ec223e8b21c6522af1f645f3b7564ae451;fff49bd7f46c38c28dc6cbdcddf38daa3688823a;2ac3ff73ef549bf80f2356c288f6f7170e5fc628;7ed0855a906be706ebf375a90c47f080611dee83
4;fleischerei stiefsohn;manufacturer/ producer;linzerstrasse 15 | 3385 prinzersdorf;prinzersdorf;3385;austria;meat;kg;ordinary transforming activity;mechanical_engineering_industry_equipment;food_industry_machines_equipment;freeze_drying_machinery_and_equipment;infrastructure & machinery;infrastructure & machinery;57.82;tobacco cutting machines;windsurfing accessories;photocopier paper;frozen_food;steel_metals;steel_metals;24.08;65.91;-3.44;fleischerei-stiefsohn_00000005219477-001;b61c0d25889574f096093b36d1803ec04e909c7e;bb40f75a9c6038e0da200fc5c3a6f371c1592c66;bb40f75a9c6038e0da200fc5c3a6f371c1592c66;bb40f75a9c6038e0da200fc5c3a6f371c1592c66;467f7320c836facc061d24e042aad2d43d97df27;bb40f75a9c6038e0da200fc5c3a6f371c1592c66;fd62c01c0168c1f02250969af71e56bf0ea681f5;8d4c1b92d32b2284f2c9603fa1065b3fb7d74034;35a91897f1463ccc4817a96bdb3c965e8091d664;fff49bd7f46c38c28dc6cbdcddf38daa3688823a;633de3793703c5fa04516d45a6cf0387d44dfa7d;fff49bd7f46c38c28dc6cbdcddf38daa3688823a
5;fleischerei stiefsohn;manufacturer/ producer;linzerstrasse 15 | 3385 prinzersdorf;prinzersdorf;3385;austria;offal;kg;ordinary transforming activity;construction_public_works;equipment;anti_vibration_supports;infrastructure & machinery;infrastructure & machinery resource extraction minerals;47.55;cosmetic of argan;childcare articles;proximity detector switches;cars;steel_metals;frozen_food;32.61;82.06;90.79;fleischerei-stiefsohn_00000005219477-001;f416c7f92dc7e5919a6a550c901acbb9b5fa9073;cf164fb58974a63875bf9afbc5e167f68ec251c3;cf164fb58974a63875bf9afbc5e167f68ec251c3;cf164fb58974a63875bf9afbc5e167f68ec251c3;3fe660df39e5ccd62cd8085e9830b1b17bdbec23;cf164fb58974a63875bf9afbc5e167f68ec251c3;fd62c01c0168c1f02250969af71e56bf0ea681f5;58667692eed2f5dbb80e7300e5f27bf85fd825bb;722bac9253af46d83c9eb0e5e2983d0fa861ff97;fff49bd7f46c38c28dc6cbdcddf38daa3688823a;a92ee9477900481f8c19e6bf0e4ea153b6d63c4a;a8de728c461c127b98ea2fe4c4fc19c3977966e0
6;fleischerei stiefsohn;manufacturer/ producer;linzerstrasse 15 | 3385 prinzersdorf;prinzersdorf;3385;austria;meats, cooked;m3;ordinary transforming activity;agriculture_livestock;horticulture_forestry;flowers;infrastructure & machinery;infrastructure & machinery cement & concrete;28.43;electric car hire;systems for waste dumps;for events;steel_metal_transformation;steel_metal_transformation;frozen_food;55.82;66.53;4.46;fleischerei-stiefsohn_00000005219477-001;f63efc18bc60e52081b543feb07d473555a075ec;f8ce7b98b9d2c878ed4f4f9605d1100249c8a2bf;fd45be8d84c0fc9f26d643b74d6760a044c080c1;4c35956058edeee4ed7a89830cf762b8e1d7d319;f711d94c2237e6994af8999cf2eeaa0a190a3c16;4c35956058edeee4ed7a89830cf762b8e1d7d319;fd62c01c0168c1f02250969af71e56bf0ea681f5;648a34e9724814ab2e10ee8ae0cf1a235c798074;a3d71b37dc97c903bdc57d0520a9cce07e65b991;fff49bd7f46c38c28dc6cbdcddf38daa3688823a;eb67478ae1b72436ea3c12e066450d6dce359d3e;9c1c9321bdbcf839f433f35990df76789e0f7f53
7;fleischerei stiefsohn;manufacturer/ producer;linzerstrasse 15 | 3385 prinzersdorf;prinzersdorf;3385;austria;meats, cured;kg;ordinary transforming activity;agriculture_livestock;bedding_plants_bulbs_and_seeds;NA;infrastructure & machinery;infrastructure & machinery heat electricity;24.69;cords made of polyamide;pianos;sales department;steel_metal_transformation;steel_metals;frozen_food;86.06;33.03;0.99;fleischerei-stiefsohn_00000005219477-001;f63efc18bc60e52081b543feb07d473555a075ec;f8ce7b98b9d2c878ed4f4f9605d1100249c8a2bf;cc0cc00179f90bf74ad9cb0388ae2e87ea4cd25e;690b720300ccfbaa90e353198dfedd659c02dab2;c5579fc7c3b8bb53b4f5d96816ea1991c7ba2f36;690b720300ccfbaa90e353198dfedd659c02dab2;fd62c01c0168c1f02250969af71e56bf0ea681f5;ab2c6aeae1f4235736af780e270db14f97cc1afe;97b88d13c9e707d86210bf9c9c5964314d411be7;fff49bd7f46c38c28dc6cbdcddf38daa3688823a;ba9358165288d95c0a7a5ccb984fab71a341c78a;e98d3f6b91d15499f60f7dbebb72efc632675c8d
8;pecheries basques;manufacturer/ producer;lizardia | 64310 st pee sur nivelle;st pee sur nivelle;64310;france;foods, precooked;kg;ordinary transforming activity;vehicles_transport_equipment;industrial_vehicles;industrial_vehicles;infrastructure & machinery;infrastructure & machinery waste treatment & recycling;43.72;transport sleds;waste wood disposal;chewing gum;steel_metal_transformation;steel_metal_transformation;steel_metal_transformation;31.24;74.38;18.78;pecheries-basques_fra316541-00101;957a0931c71bcb1e2b7bb668e7eb00381a948f55;f16b09dbc75e683642115f2cb4d3432368510e9f;915ec7671f1399173ba43d54ca2b9cfb664c8c96;b3a633fcc2d19d9d224525a30baebe1e89190c42;fbcea36b00275c1ac30496090da5507d804c33ce;b3a633fcc2d19d9d224525a30baebe1e89190c42;fd62c01c0168c1f02250969af71e56bf0ea681f5;fd8feba8d326e8ff6f801abcf98c05ed2453b67c;0a69b6be83a9c54b5f05343f7a603093fcc81c73;fff49bd7f46c38c28dc6cbdcddf38daa3688823a;cab406f0a14fc8f574ab526ad1e5d672b6a8ac6a;de60bb4bf7f4c07489af068e0ee566826afb3a5c
9;pecheries basques;manufacturer/ producer;lizardia | 64310 st pee sur nivelle;st pee sur nivelle;64310;france;gourmet foods;m3;ordinary transforming activity;agriculture_livestock;animals_livestock;rodents_pet;agriculture & animal husbandry;water supply agriculture & animal husbandry;71.81;conveyor manufacturers;insurance advice;slabs;steel_metal_transformation;frozen_food;steel_metal_transformation;40.56;63.54;62.79;pecheries-basques_fra316541-00101;957a0931c71bcb1e2b7bb668e7eb00381a948f55;f16b09dbc75e683642115f2cb4d3432368510e9f;0cc6b3f60791137033245293b33faffad53c9cf3;d62b457f5ca2b4261159472cd3e7a6017d9ec5c2;551e9e8ccc2b308275f940b42468e08b217bb089;be474700eb7b7805f7267d19c7318aca0a24dd75;fd62c01c0168c1f02250969af71e56bf0ea681f5;3e46a0bb2bda1a3eaa5c2c5831b16bc701e870d5;9b17005d9d5aa1633ee14f55211eadde1e560f45;6cab14408b4e9298a6255076bc425621d67ffbb6;1496cf3a541107b1d28763b8227eb58cb319d14f;80aeba8902fdfb28a2898a3b8184fb3b9ade6af9
10;pecheries basques;manufacturer/ producer;lizardia | 64310 st pee sur nivelle;st pee sur nivelle;64310;france;gastronomic specialties;kg;ordinary transforming activity;paper_cardboard;disposable_tableware_and_articles_made_of_paper_cardboard_and_plastic;NA;pulp & paper;pulp & paper;0.97;mercedes benz part;in-plant freight lifts;piston pins;frozen_food;steel_metal_transformation;steel_metal_transformation;18.12;74.89;12.41;pecheries-basques_fra316541-00101;09a80a1c37151681f66b4860f45851ac633b674b;ea3eea389f0b32aba06ecd01f4edd9c7bda686d7;ea3eea389f0b32aba06ecd01f4edd9c7bda686d7;ea3eea389f0b32aba06ecd01f4edd9c7bda686d7;ba1c09cc6c71f460a8a31f3c5e361e560e8bca0d;ea3eea389f0b32aba06ecd01f4edd9c7bda686d7;fd62c01c0168c1f02250969af71e56bf0ea681f5;1b69ac05a7c354a14d5e1c0cfa8cefeaf2220eb2;ab0565ddda6fbafcb2c0f6b5cd1dd2e83497a981;2c7a7517a489ffebd92ae6802fa14a00fe4943f1;51798c59ff90db2251b8abd0e6e34c43ad28a3b2;2c7a7517a489ffebd92ae6802fa14a00fe4943f1
11;hoche butter gmbh;wholesaler;im neuen felde 87 | 29525 uelzen;uelzen;29525;germany;edible fat;kg;market activity;construction_public_works;construction_structural_work;demolition_contractors;infrastructure & machinery;infrastructure & machinery chemicals;99.31;design of customised parts;assorted fabrics;polypropylene film;steel_metals;steel_metal_transformation;cars;53.04;11.94;52.5;hoche-butter-gmbh_deu422723-693847001;6d99ec4ec8b0632e3b592b1d1f0db2573225c518;51fd115e98fc4ed5a5bafea0cb024a28df5f648b;51fd115e98fc4ed5a5bafea0cb024a28df5f648b;51fd115e98fc4ed5a5bafea0cb024a28df5f648b;6ab4a78298a10d3e9b7b0f1d48deb43969f0cd03;f807f0137263c45179258c3d8c979690f2930a48;8ca6b68c2345d945b795d58a4adbbddd934ce349;731a6075f2fd589bc5ccfb6ed4bebcb0986553f9;8f18023110c9454b9de693fb0f23c30a11fea611;fff49bd7f46c38c28dc6cbdcddf38daa3688823a;aef4b84b18f1af79d65b6bd407d9483f8b80adc2;980e30db0bf334829bbe233302fcea35b2b89da7
12;vicquelin espaces verts;missing;750 rue du lion | 27210 beuzeville;beuzeville;27210;france;landscaping services;m3;not_mapped;metallurgy_metalworking;steel_metal_transformation;shot_blasting_steels_and_metals;infrastructure & machinery;infrastructure & machinery fuels heat;4.44;uniforms;machinery for river work;selecting vegetables system;steel_metal_transformation;cars;frozen_food;2.56;32.52;32.37;vicquelin-espaces-verts_fra697272-00101;e9dc85ad26800b07fa2653ba63dda456bdc68b15;1d5949ab72dfd0637f34c705c065f22070d340dd;9907218e568f6f39e2e5f18d09ee2a2f63c52c7e;858935854faedd3e30323ac1ab3e7e4f9f83901d;b22127f878d6f1bccca6cd57160cbab2e51a8134;858935854faedd3e30323ac1ab3e7e4f9f83901d;5a013c49508291c6816ac388f93a2c11973086ed;d86edc3879285e9bcb8be9950e823244f5504611;db9efc187c9d627229ac63097c55d261e5df6b83;fff49bd7f46c38c28dc6cbdcddf38daa3688823a;30bb54c904312367fe5c60b7c4910a3d87e7366a;56df1a55797a2c3b4cf3de07ac5c015a6616dc2d
13;vicquelin espaces verts;missing;750 rue du lion | 27210 beuzeville;beuzeville;27210;france;gardening services;kg;not_mapped;construction_public_works;public_works;civil_engineering_contractors;infrastructure & machinery;infrastructure & machinery fuels;88.54;metal trade;equine feed;film capacitors;steel_metals;steel_metals;steel_metal_transformation;36.65;-1.99;24.31;vicquelin-espaces-verts_fra697272-00101;e9dc85ad26800b07fa2653ba63dda456bdc68b15;1d5949ab72dfd0637f34c705c065f22070d340dd;abe7516f5d2c9e0eadda2801313146436df01c48;c431714a185dafc5430f48ffb5dbbfd8992a6529;14a0c8c5a3ce66fdee8d39fc9f65b8dfbe54b971;c431714a185dafc5430f48ffb5dbbfd8992a6529;5a013c49508291c6816ac388f93a2c11973086ed;61f8162b250165397c0f645f8f2cd0a7d00b075d;2b78a164ceefbee0686ada9298dbfaff23486fa9;fff49bd7f46c38c28dc6cbdcddf38daa3688823a;a5de22ddd2299135d518accf37673eae0f217ad5;0c0ea7be108e30647b9c3a64f13cb76977d6bf0a
14;vicquelin espaces verts;missing;750 rue du lion | 27210 beuzeville;beuzeville;27210;france;open space amenities;kg;not_mapped;construction_public_works;windows;NA;infrastructure & machinery;infrastructure & machinery waste treatment & recycling;88.98;wholesale of parquet;telescopic forklifts for conveying equipment;menu holders;steel_metals;steel_metal_transformation;frozen_food;45.5;54.34;6.58;vicquelin-espaces-verts_fra697272-00101;6a2e2f6c56f7a7e9dc7bb5385f1b9785f2f6fc86;707938a8d64b3ee8f879b2fb3c032c6ab4547dad;707938a8d64b3ee8f879b2fb3c032c6ab4547dad;707938a8d64b3ee8f879b2fb3c032c6ab4547dad;1394a26a921ab5bd5dd19ed324910425f18ef46d;707938a8d64b3ee8f879b2fb3c032c6ab4547dad;5a013c49508291c6816ac388f93a2c11973086ed;86dc7bc9ee6a02f44f9b9b91909b95e0a26b5112;d1b5ffe573f3e3ccbbbcb9a0fec9c67e9adf0a7f;fff49bd7f46c38c28dc6cbdcddf38daa3688823a;cab406f0a14fc8f574ab526ad1e5d672b6a8ac6a;de60bb4bf7f4c07489af068e0ee566826afb3a5c
15;bst procontrol gmbh;manufacturer/ producer;industriestrasse 1 | 57482 wenden;wenden;57482;germany;vehicles, telematics;m3;ordinary transforming activity;metallurgy_metalworking;steel_metal_transformation;varnishing_steels_and_metals;metals;metals waste treatment & recycling;63.21;padlocks;parquet floors;fishing jacket;steel_metal_transformation;cars;cars;15.34;29.97;42.84;bst-procontrol-gmbh_00000005104947-001;319de3c7271fdd06cc5cd91fdb6aee2f1f87ee1b;c7315bfadb301030545e2e46f06480b39d2b1429;ef24a6aa79b876819935712cd710e216a2ac2e46;e200ad4cccfaecd44be644b0e693f20f55daa3a3;11592b683a9a01f402f9f69a84f9c4916aac1f66;e200ad4cccfaecd44be644b0e693f20f55daa3a3;fd62c01c0168c1f02250969af71e56bf0ea681f5;709152bdf8c858750aba80267cfcd8073bab4d4d;0d9ef58e9696104bfd94b1a5e3af7b330d48be84;059cd1abf26b7bc46af1550003fa691c12a200a1;c581b671ded6d0dbe23313cba8f4e0a0ea434487;09e1a00d2d33ebd2a11900075f8b8ad562045a72
16;bst procontrol gmbh;manufacturer/ producer;industriestrasse 1 | 57482 wenden;wenden;57482;germany;measurement equipment, pressure;kg;ordinary transforming activity;glass_construction_materials;construction_materials;cements_special;cement & concrete;metals cement & concrete;38.64;calves;splitter mirrors;patio paving stones;cars;steel_metal_transformation;cars;39.07;-3.78;91.29;bst-procontrol-gmbh_00000005104947-001;9b13b9dba2d98518ce58dec5fe6a2a5e4e8489a3;c345ec0e08b949740286f740fa6b5e96050345bf;d33f2d5b3a938cc424d4551df84b9bd218ed69b4;82b390de4132e72217fc273a57cee5cbc5ad4e9c;27d5f6a6978b3d7c9fd283434b9235549e17a564;82b390de4132e72217fc273a57cee5cbc5ad4e9c;fd62c01c0168c1f02250969af71e56bf0ea681f5;e0c80af288212164aab518368d3d01061c6d7760;77d4b71a451e41c97e6c2de78b21abcbb96bd959;28b25f844091368fd45f95b465f66716aef7c501;3083dc6c574a87c04381b695ddb1f4b2ce38798e;e6d6b596e83b5a4cefb6a12d4822e0f270943b7b
17;bst procontrol gmbh;manufacturer/ producer;industriestrasse 1 | 57482 wenden;wenden;57482;germany;measurement instruments, pressure;kg;ordinary transforming activity;metallurgy_metalworking;steel_metals;bells_casting;infrastructure & machinery;infrastructure & machinery transport;87.83;fountains, park;vehicle chassis;large dimension machining;cars;frozen_food;cars;10.65;85.63;38.76;bst-procontrol-gmbh_00000005104947-001;9b13b9dba2d98518ce58dec5fe6a2a5e4e8489a3;c345ec0e08b949740286f740fa6b5e96050345bf;f30305070d69c75339321c028b9d7037b7bfdc4a;ca65e6d8848ac08f1b71e130e337ec991e8b5c18;07a94da8ee7774ad0692d0626da673a1128086dc;ca65e6d8848ac08f1b71e130e337ec991e8b5c18;fd62c01c0168c1f02250969af71e56bf0ea681f5;6e06824e10005f53e6c19bc27c520a4572783a5f;ae86a5c12c2a22b4aece62cef4e6afd82b3c1f14;fff49bd7f46c38c28dc6cbdcddf38daa3688823a;2ac3ff73ef549bf80f2356c288f6f7170e5fc628;7ed0855a906be706ebf375a90c47f080611dee83
18;bst procontrol gmbh;manufacturer/ producer;industriestrasse 1 | 57482 wenden;wenden;57482;germany;regulation equipment, pressure;m3;ordinary transforming activity;food_related_products;food_processing;foods_health;agriculture & animal husbandry;resource extraction minerals agriculture & animal husbandry;37.7;corking machine;chargers;meat import export;frozen_food;cars;steel_metal_transformation;93.59;14.37;14.52;bst-procontrol-gmbh_00000005104947-001;9b13b9dba2d98518ce58dec5fe6a2a5e4e8489a3;c345ec0e08b949740286f740fa6b5e96050345bf;8521d447c28a3aa048b93f7d8f251d4edc568970;67a9f2d3c248f38d013b2960d4eaff4ff1e1c8d5;91dcc2bfece648d14751dee9d89b831d2c39f1f6;67a9f2d3c248f38d013b2960d4eaff4ff1e1c8d5;fd62c01c0168c1f02250969af71e56bf0ea681f5;8a43d61ad11686b2240dc8cce88594edfdf6a295;087a23e1f2fbf1340f2073f488a7f0fe6f637c2a;6cab14408b4e9298a6255076bc425621d67ffbb6;c1561082c1139ed474aa1476a2c169f1d8ba3bdf;275118c9b7bcb1c6f79a8d414d3521369df3805a
19;bst procontrol gmbh;manufacturer/ producer;industriestrasse 1 | 57482 wenden;wenden;57482;germany;regulation instruments, pressure;kg;ordinary transforming activity;metallurgy_metalworking;steel_metal_transformation;extrusion_steel_and_metals;infrastructure & machinery;infrastructure & machinery wood;99.75;einkorn wheat in big-bag;niobium;preserving equipment;steel_metal_transformation;steel_metal_transformation;steel_metals;44.52;62.08;25;bst-procontrol-gmbh_00000005104947-001;9b13b9dba2d98518ce58dec5fe6a2a5e4e8489a3;c345ec0e08b949740286f740fa6b5e96050345bf;f2e94f291d3f0e161864ae0e53c3143dbb7fdebc;4d2a76a4cd71a70fccbd41eee995212f7beca96a;29ab8921dc5f97d01e12e4b9a1d72781b16dcdd3;4d2a76a4cd71a70fccbd41eee995212f7beca96a;fd62c01c0168c1f02250969af71e56bf0ea681f5;ee1aabf520b1afaf4b4fe23f38b25f764cdd9eb9;f7d10ad46c910f5689fb2bd62c6e18b4280128f0;fff49bd7f46c38c28dc6cbdcddf38daa3688823a;bf609eb0910fdba12d232d264fbb970d73bafe85;e6f6dab6bad15989004faba886c565d7be08e686
20;bst procontrol gmbh;manufacturer/ producer;industriestrasse 1 | 57482 wenden;wenden;57482;germany;measurement equipment, output flow;kg;ordinary transforming activity;glass_construction_materials;glass;packaging_glass;minerals;infrastructure & machinery minerals;39.82;gas tungsten arc welding;flow simulation;olive oil;cars;steel_metal_transformation;steel_metals;40.04;35.62;25.13;bst-procontrol-gmbh_00000005104947-001;62b8d1bf27ebd0a8c5ecaf528d439dfffe194414;bd600a45c4a0baec579dfa3fd28f5dc8ab0929e2;c0310f1bdf3ad9847bc51771ad39378cd0a8026f;fe21e9fa9c5b7ec2e2a5da15ec8d183caf04dcf0;6700c93d28d4f6c29ada659195647e9c25db5a1e;fe21e9fa9c5b7ec2e2a5da15ec8d183caf04dcf0;fd62c01c0168c1f02250969af71e56bf0ea681f5;a446ee87689062fd2435c1317e37167931a37f4d;814f0ff5ae7e3fee7f8b372b501985d94da45cb1;b4d19a5eafe6de34ff8436e939e2f2b78171d1ab;d5a1c7a326289644832f69a9ab1a4056e6e5bb3e;bcd9fd9fc1d4d1722145b24e07b738e6e53c1715
21;bst procontrol gmbh;manufacturer/ producer;industriestrasse 1 | 57482 wenden;wenden;57482;germany;measurement instruments, output flow;m3;ordinary transforming activity;mechanical_engineering_industry_equipment;food_industry_machines_equipment;cheese_making_machinery;infrastructure & machinery;infrastructure & machinery transport;38.75;household brushes;artificial fibre net;bamboo furnishings;steel_metal_transformation;cars;cars;25.08;29.62;-4.09;bst-procontrol-gmbh_00000005104947-001;62b8d1bf27ebd0a8c5ecaf528d439dfffe194414;bd600a45c4a0baec579dfa3fd28f5dc8ab0929e2;39f3b93fd27c628ca4f708f26968823d56b4d083;829d6489e8fa8e1843172156e3a4aa5d24dd8126;b653e1e6f196fd02a9c9bcc0c87a2610226badcf;829d6489e8fa8e1843172156e3a4aa5d24dd8126;fd62c01c0168c1f02250969af71e56bf0ea681f5;62f7b91934bea48531ae124ce62df8e4fe7e83b7;d49be8afa0be6e7669328d084669655044a6bdbc;fff49bd7f46c38c28dc6cbdcddf38daa3688823a;2ac3ff73ef549bf80f2356c288f6f7170e5fc628;7ed0855a906be706ebf375a90c47f080611dee83
22;bst procontrol gmbh;manufacturer/ producer;industriestrasse 1 | 57482 wenden;wenden;57482;germany;regulation equipment, output flow;kg;ordinary transforming activity;energy_raw_materials;energy;oil_drilling_and_extraction;fuels;transport fuels;36.83;electromagnetic field measurements;cleaning products, mirrors;leather crossbody bag;steel_metals;cars;steel_metal_transformation;26.69;93.44;50.14;bst-procontrol-gmbh_00000005104947-001;62b8d1bf27ebd0a8c5ecaf528d439dfffe194414;bd600a45c4a0baec579dfa3fd28f5dc8ab0929e2;daea232e3409741ba63e8d2c9da44eb47163061c;63087df89e65258a7bf9015a1772b9377d26984f;9897b8bd8475b4c243333c8dfd82d6169e66a70f;63087df89e65258a7bf9015a1772b9377d26984f;fd62c01c0168c1f02250969af71e56bf0ea681f5;cdfc70ca6c21cf64249639a25d154bc607816282;546510b0b988b6ad1b66fb23d6535189b8ad41a9;7427777a09bebc7de3415910114643c3e6cc0740;9f63fde3b4380598727f88d78768d390e2782e1d;9ae477638aa5d426be4e738c94e54f3ab6ab08be
23;bst procontrol gmbh;manufacturer/ producer;industriestrasse 1 | 57482 wenden;wenden;57482;germany;regulation instruments, output flow;kg;ordinary transforming activity;construction_public_works;partitions;NA;infrastructure & machinery;infrastructure & machinery cement & concrete;39.05;exporters of used shoes clothing;foam adhesive tapes;household spits;steel_metal_transformation;steel_metal_transformation;steel_metal_transformation;53.77;14;75.11;bst-procontrol-gmbh_00000005104947-001;62b8d1bf27ebd0a8c5ecaf528d439dfffe194414;bd600a45c4a0baec579dfa3fd28f5dc8ab0929e2;5adb35244d58ec9cbe4b9b5576729681240b3c30;963a9c4f04bf4700c4ccab4bf443f8b844fdbe37;3ce753d301b667e4c8a5de426130e4f7d15530e4;963a9c4f04bf4700c4ccab4bf443f8b844fdbe37;fd62c01c0168c1f02250969af71e56bf0ea681f5;a18c3f4edf88f736d64d2a9824c14af1370b2349;96b3eed0864f4a87fc5f164bbd01acfbe5c234b8;fff49bd7f46c38c28dc6cbdcddf38daa3688823a;eb67478ae1b72436ea3c12e066450d6dce359d3e;9c1c9321bdbcf839f433f35990df76789e0f7f53
24;bst procontrol gmbh;manufacturer/ producer;industriestrasse 1 | 57482 wenden;wenden;57482;germany;measurement equipment, temperature;m3;ordinary transforming activity;business_services;environment;chemical_waste_collection_and_recycling;waste treatment & recycling;electronics waste treatment & recycling;70.23;welded structures;silviculture equipment;bending presses;steel_metal_transformation;steel_metals;cars;29.62;80.78;67.72;bst-procontrol-gmbh_00000005104947-001;d2a29c315b80a81779889d7573c1e2bc906940de;726ad9b5f14f2afeea52a1578730f47ab0452df6;d7760d8197acecfce9b92f52ff2250ce5191ea93;130ce751990d1ca5f35025583f871239b1856908;b09b44e468d7849adc5046cd4aeb29c85241a6e6;130ce751990d1ca5f35025583f871239b1856908;fd62c01c0168c1f02250969af71e56bf0ea681f5;f85a6dcb22230fa342b812a6f8dd1a8194e8343d;8385fe68e6b641fd3bf6701fd98d45723cec4109;afbef46281872c71ee270bfb66e27e611955aa59;4969df5cb668fc8e5d3c3374cedf6d9c4ec1ca2c;18b06fafe1c1db0eb128ee0faa7fb4a65ae6a5fe
25;bst procontrol gmbh;manufacturer/ producer;industriestrasse 1 | 57482 wenden;wenden;57482;germany;temperature measurement instrument;kg;ordinary transforming activity;vehicles_transport_equipment;aeronautical_equipment_manufacturers;NA;infrastructure & machinery;infrastructure & machinery cement & concrete;96.32;food protection;fitting out opticians' shops;pastry production system;steel_metal_transformation;steel_metals;frozen_food;46.76;0.41;13.64;bst-procontrol-gmbh_00000005104947-001;d2a29c315b80a81779889d7573c1e2bc906940de;726ad9b5f14f2afeea52a1578730f47ab0452df6;f3a8a5e4dddb3e608d2961ad8e289c66e53fa5aa;d923cb15ae5605fb80d62781b1cad17f734d5630;568b4c84cdc7f5340f6f768db8e363bf5e2e7b34;e720d9ffd32c1a3b22e24aa7c0ec42f766d7d099;fd62c01c0168c1f02250969af71e56bf0ea681f5;66ce2b5a14f5175b55e743cfa63f48d4612e2db3;c71abd3893701ea73ff42951465bcefad6cb3900;fff49bd7f46c38c28dc6cbdcddf38daa3688823a;eb67478ae1b72436ea3c12e066450d6dce359d3e;9c1c9321bdbcf839f433f35990df76789e0f7f53
26;bst procontrol gmbh;manufacturer/ producer;industriestrasse 1 | 57482 wenden;wenden;57482;germany;regulation equipment, temperature;kg;ordinary transforming activity;food_related_products;tinned_foods;tinned_foods;agriculture & animal husbandry;agriculture & animal husbandry;55.18;hydraulic valve;indoor lighting;electrified rail machining systems;frozen_food;steel_metal_transformation;steel_metal_transformation;96;-0.76;88.16;bst-procontrol-gmbh_00000005104947-001;d2a29c315b80a81779889d7573c1e2bc906940de;726ad9b5f14f2afeea52a1578730f47ab0452df6;d77f0044a1f6b39338994708e3802aa4f422fa85;f3b053d54ba15652f0347bad58078c34b7367472;51ae26e0ac9ddf95576121e9e8b0efdc481f4118;f3b053d54ba15652f0347bad58078c34b7367472;fd62c01c0168c1f02250969af71e56bf0ea681f5;dee96d45b3c857539ba71f97dc84a1d3cd0a8b5f;f8a8c247157c10ab9247fcd4e0c60a93102d6d38;6cab14408b4e9298a6255076bc425621d67ffbb6;dcab748194be5b00a56a0ea7e618034f4374e08f;6cab14408b4e9298a6255076bc425621d67ffbb6
27;bst procontrol gmbh;manufacturer/ producer;industriestrasse 1 | 57482 wenden;wenden;57482;germany;regulation instruments, temperature;m3;ordinary transforming activity;glass_construction_materials;construction_materials;laths_plaster_base;minerals;waste treatment & recycling minerals;49.17;equipment for canning;brick-built kitchens;plastic nets;cars;steel_metal_transformation;frozen_food;25.71;49.19;56.26;bst-procontrol-gmbh_00000005104947-001;d2a29c315b80a81779889d7573c1e2bc906940de;726ad9b5f14f2afeea52a1578730f47ab0452df6;7eb005ba043186a0ba90ed9ae758f1acadbabe97;5b66471f30bd63fa577c8d579b61acc0cab75a70;753a183e641f89602403a203499098882a5bdfc9;5b66471f30bd63fa577c8d579b61acc0cab75a70;fd62c01c0168c1f02250969af71e56bf0ea681f5;c04fe39d1d77fd4ff317c300c22a47854f41b849;56f4c4b92be31bdb29265d4823a6eb2b9b15311d;b4d19a5eafe6de34ff8436e939e2f2b78171d1ab;e5a4bf2634ea608bff739f3e130e5380d561eb3f;74fef51b1964349ae595019ab0ea2ecde4f9d63f
28;bst procontrol gmbh;manufacturer/ producer;industriestrasse 1 | 57482 wenden;wenden;57482;germany;testing equipment;kg;ordinary transforming activity;food_related_products;meats;fresh_turkey;infrastructure & machinery;electronics infrastructure & machinery;29.6;heat-resistant cast iron;coffee imports;precision engineering hand tools, non-power;cars;frozen_food;steel_metals;-4.97;11.19;75.41;bst-procontrol-gmbh_00000005104947-001;78219c6f06967d0b3da21a88ac0cf199c791887d;21924b62505c4fd84b920e8be057c7752a7c960b;21924b62505c4fd84b920e8be057c7752a7c960b;21924b62505c4fd84b920e8be057c7752a7c960b;a1f989aeb1f590cf13b829d2aafc6286eba1b24c;21924b62505c4fd84b920e8be057c7752a7c960b;fd62c01c0168c1f02250969af71e56bf0ea681f5;ea4e6658e848139724e8f1cbdcf38c1973dc4c51;c8a80a35a8ce82079c175851d1d1dd5d5feae443;fff49bd7f46c38c28dc6cbdcddf38daa3688823a;3944a4da30a794b1b7cbd8ace721ce54f953f770;447bb266a8b2946c7f3366989f40decd5c588404
29;galva 45;service provider;17 rue de la gare | 45300 escrennes;escrennes;45300;france;surface treatment;kg;not_mapped;food_related_products;oils_and_fats_edible;NA;agriculture & animal husbandry;agriculture & animal husbandry waste treatment & recycling;13.42;skating rinks installations;vertical pumps;sorting machine;cars;cars;steel_metals;47.99;17.03;62.9;galva-45_fra257577-00101;309d00103a7759a093c0d36b0989de1badef6387;6b91c2ca1f831dcafcc4c2a889b52f7e43d7e8d0;6ef992f9c4559a34c63755b70965effca43e0550;261b9504ec63f5f85fd82a8a1863fa1af229e3da;284e9850249fb2fe5c8c3edb917332acd1c24106;261b9504ec63f5f85fd82a8a1863fa1af229e3da;20965c7bc5825cbd88568790902918bab186efab;2dc426545fc2493433755c20a2afc8e8dc59eaa5;ea20220787a0654b6ea2e918ea7afe940e7fe0ea;6cab14408b4e9298a6255076bc425621d67ffbb6;1eb68cb17e1deef2ab868c6bbef88892398a0a6c;f6a8f48bef7a83572d2222d3312ec8f3ff69d734
30;galva 45;service provider;17 rue de la gare | 45300 escrennes;escrennes;45300;france;surface coating;m3;not_mapped;food_related_products;offal;NA;infrastructure & machinery;wood infrastructure & machinery;15.8;table ornaments;asphalt cutting machines;communication, consultants;steel_metals;cars;steel_metal_transformation;73.58;47.26;-3.9;galva-45_fra257577-00101;309d00103a7759a093c0d36b0989de1badef6387;6b91c2ca1f831dcafcc4c2a889b52f7e43d7e8d0;18749f682471ed7f6ff2a7f5d6f8116f590ec60a;fe263d7853a4de4e5c3e5bdd119c6ef2e874ba07;76490967981e2e4be937f3abb4f78036e1ee4316;fe263d7853a4de4e5c3e5bdd119c6ef2e874ba07;20965c7bc5825cbd88568790902918bab186efab;95bc226fc5464c0453f0b0d773870c4bfb7b89d9;5c8d24ac55b3c97b7f9945d64f23ac5df2e2a010;fff49bd7f46c38c28dc6cbdcddf38daa3688823a;256ad95394df7f3e77c9f4b25fe5e3c77c61fa5e;6b3155381d80f78330805e1ad6e39a93994dabe6
31;getränke-roth-gmbh;missing;erlenweg 18 | 85452 moosinning;moosinning;85452;germany;liquors;kg;not_mapped;metallurgy_metalworking;steel_metal_transformation;forming_steels_and_metals;metals;metals electronics;51.7;fuel pumps;oat-based products;articulated shafts;frozen_food;steel_metal_transformation;steel_metal_transformation;14.05;8.94;8.96;getrankerothgmbh_deu430636-00101;280c3985bd6c76d49d05d56e447003137ff67d89;0539a2ca029a8b456ec557d1400c14effc9783fc;23c44fc667d6dc60b1bde6646f43a310a55183f2;d1ab86f1a5198db6138e085e02ee057d2ef9c5fc;b40b6b7f41947d5184513b610cb0f6c097d5d716;d1ab86f1a5198db6138e085e02ee057d2ef9c5fc;5a013c49508291c6816ac388f93a2c11973086ed;ef0cd8c3d9c1fa09d83a4bc0802fbef407b52f64;d825fa5ed8f92e7ebda9c9ef4976cbe6a3667afa;059cd1abf26b7bc46af1550003fa691c12a200a1;44427e8985dd5ff1573b30f2e5a228e10c30577c;37b3c6c2ee0b5c96340292f83467df52505574a7
32;getränke-roth-gmbh;missing;erlenweg 18 | 85452 moosinning;moosinning;85452;germany;spirits;kg;not_mapped;metallurgy_metalworking;steel_metal_transformation;pipelines;infrastructure & machinery;transport infrastructure & machinery;-1.35;industrial mezzanines;gardening machinery;leather for riding equipment;cars;steel_metal_transformation;cars;29.42;48.84;96.76;getrankerothgmbh_deu430636-00101;280c3985bd6c76d49d05d56e447003137ff67d89;0539a2ca029a8b456ec557d1400c14effc9783fc;6c2720d2cd1721314676829f2a39b68b72d0639e;2bdf3ecbc5f92c34088d5bdbf8474011b603ca42;1354160dc90978870049b70246981d6ae7d6bd1b;2bdf3ecbc5f92c34088d5bdbf8474011b603ca42;5a013c49508291c6816ac388f93a2c11973086ed;bf28c021c592e1e90b08e459e58cb68f1f7079b8;8463c0ef32c7acb0a127a98e22a2715c0ea246f3;fff49bd7f46c38c28dc6cbdcddf38daa3688823a;77c8945b3502192bd2f3e98ca7d29be21b140b00;83ec5432af7996bd66a9922fd53ee550d4a388a1
33;getränke-roth-gmbh;missing;erlenweg 18 | 85452 moosinning;moosinning;85452;germany;drinks, soft;m3;not_mapped;glass_construction_materials;construction_materials;slabs_concrete;minerals;minerals cement & concrete;45.12;perfume wholesaler;ice-cream wafer biscuits;screw caps;frozen_food;steel_metal_transformation;cars;88.37;45.03;93.62;getrankerothgmbh_deu430636-00101;ed484b0bd85c08ffc3b9444b4512c88c50a69398;352651a899aa0a863805d1070ad191c1b4877dc9;352651a899aa0a863805d1070ad191c1b4877dc9;352651a899aa0a863805d1070ad191c1b4877dc9;585b8b1cc754de35a17eceda8338d6ddcaa7f295;352651a899aa0a863805d1070ad191c1b4877dc9;5a013c49508291c6816ac388f93a2c11973086ed;a6c8124b34255150464c65700d587bb18a1f0ed4;2ec5d548ee15f6e41797603c6c886d72fd7100a3;b4d19a5eafe6de34ff8436e939e2f2b78171d1ab;eba249ca6035692e7d00d0eddd90415928e45297;3e1187276c2f3c1a8d6f43e2638bb9625e440a9c
34;getränke-roth-gmbh;missing;erlenweg 18 | 85452 moosinning;moosinning;85452;germany;wines - france;kg;not_mapped;construction_public_works;equipment;stairs_spiral;infrastructure & machinery;infrastructure & machinery transport fuels;6.79;robot automation;welding supplies;speedometers;cars;cars;steel_metal_transformation;99.69;44.95;-2.05;getrankerothgmbh_deu430636-00101;92f571a4b788c9efcf494076dae7dec461fde1b7;67a2bebe6764cadb4d6a461fe33d667bed88fbbe;67a2bebe6764cadb4d6a461fe33d667bed88fbbe;67a2bebe6764cadb4d6a461fe33d667bed88fbbe;a6d4bc0fac5c6d25ab36047155163ced19a414ed;67a2bebe6764cadb4d6a461fe33d667bed88fbbe;5a013c49508291c6816ac388f93a2c11973086ed;961cddd52067dfcefa3bb4dd5b20a4091bc4c35c;631db72c67dc4ddc359ba360d3cc9089c38ad73d;fff49bd7f46c38c28dc6cbdcddf38daa3688823a;20c14fc7205db2879efedab0f4c34e804f92bafd;cb13520f66f78996f4d2a635f225ed4fa08098df
35;paganelli auclair;missing;rue felicien vergier | 07430 davezieux;davezieux;7430;france;landscaping services;kg;not_mapped;mechanical_engineering_industry_equipment;food_industry_machines_equipment;distilling_machinery_and_equipment;infrastructure & machinery;infrastructure & machinery water supply;1.55;upright pianos;automotive upholstery workshops;electrolytic polishing;frozen_food;cars;steel_metal_transformation;75.15;53.86;94.92;paganelli-auclair_fra661849-00101;4b6fc462fc5aabe3bac9652451f73292db9b18f8;1d5949ab72dfd0637f34c705c065f22070d340dd;9907218e568f6f39e2e5f18d09ee2a2f63c52c7e;858935854faedd3e30323ac1ab3e7e4f9f83901d;b22127f878d6f1bccca6cd57160cbab2e51a8134;858935854faedd3e30323ac1ab3e7e4f9f83901d;5a013c49508291c6816ac388f93a2c11973086ed;30c8700907750d0e34b0f78a382172817f83f019;482722720ad7a9c2050aa5b9bb3bf015858f6812;fff49bd7f46c38c28dc6cbdcddf38daa3688823a;89e16bf879234853ff276bda56f49654813745f1;74d086c8b051f315c1bd2dab8cb4d5d57473c67e
36;paganelli auclair;missing;rue felicien vergier | 07430 davezieux;davezieux;7430;france;gardening services;m3;not_mapped;mechanical_engineering_industry_equipment;agriculture_machines_equipment;drinking_troughs;infrastructure & machinery;infrastructure & machinery minerals;10.63;ballons;interleaf paper;sealing film;frozen_food;frozen_food;frozen_food;-1.4;11.61;36.46;paganelli-auclair_fra661849-00101;4b6fc462fc5aabe3bac9652451f73292db9b18f8;1d5949ab72dfd0637f34c705c065f22070d340dd;abe7516f5d2c9e0eadda2801313146436df01c48;c431714a185dafc5430f48ffb5dbbfd8992a6529;14a0c8c5a3ce66fdee8d39fc9f65b8dfbe54b971;c431714a185dafc5430f48ffb5dbbfd8992a6529;5a013c49508291c6816ac388f93a2c11973086ed;3ac07002ef73b08a883ff2af5e8741efa4df53f8;a7f61a0fe951583cfa3fad65d034d2225d108345;fff49bd7f46c38c28dc6cbdcddf38daa3688823a;ddb1fb396c414766bce93cd6efa626f2c49c43d8;bcd9fd9fc1d4d1722145b24e07b738e6e53c1715
37;paganelli auclair;missing;rue felicien vergier | 07430 davezieux;davezieux;7430;france;open space amenities;kg;not_mapped;energy_raw_materials;energy;onshore_and_offshore_services;fuels;infrastructure & machinery fuels agriculture & animal husbandry;30.89;supermarket doors;oat milk;flexible cables;frozen_food;frozen_food;frozen_food;53.78;60.51;10.6;paganelli-auclair_fra661849-00101;c0cecf0fd0f66bfa4a14455256d08d459f71bf5f;707938a8d64b3ee8f879b2fb3c032c6ab4547dad;707938a8d64b3ee8f879b2fb3c032c6ab4547dad;707938a8d64b3ee8f879b2fb3c032c6ab4547dad;1394a26a921ab5bd5dd19ed324910425f18ef46d;707938a8d64b3ee8f879b2fb3c032c6ab4547dad;5a013c49508291c6816ac388f93a2c11973086ed;07395696c5db3cfaeff20564534cc6a33f9db40f;476a4b654f0425927459ba37888ab2634e2f49ff;7427777a09bebc7de3415910114643c3e6cc0740;db6f53ce0bd34a137cb31ae54d2dd84548b578aa;02bf01b56ab19757c165461d76ccc068bed0b586
38;alois bauer;service provider;marienweg 8 | 95703 plößberg;plößberg;95703;germany;machining;kg;not_mapped;food_related_products;frozen_foods;fruit_frozen_and_deep_frozen;agriculture & animal husbandry;infrastructure & machinery fuels agriculture & animal husbandry;60.08;functional dyes;water treatment plants for soft drinks;buying used books;steel_metal_transformation;steel_metals;steel_metal_transformation;16.93;43.49;95.88;alois-bauer_00000005061180-001;9fc44bc6b224f73b58e118da9304c89e2a4978c4;20d8631bd54d2c718a32a8cf80bc910b0eab0648;0f8b175ab8b86943684a5d0dc6a713e92fe0be8a;371c1d293c4af1c626cd10ac95b34b4492dd744d;84602a451bbe1ebbf7f3879a7adde4b3823a9990;371c1d293c4af1c626cd10ac95b34b4492dd744d;20965c7bc5825cbd88568790902918bab186efab;3d653f2164488f2b732b4bcb22abab96a82e6dff;98cfea4eabf3a53ac097737aca469a5e238679af;6cab14408b4e9298a6255076bc425621d67ffbb6;e25c674e35a5b7a88cf7b450ac2701640105582f;02bf01b56ab19757c165461d76ccc068bed0b586
39;alois bauer;service provider;marienweg 8 | 95703 plößberg;plößberg;95703;germany;surface treatment;m3;not_mapped;food_related_products;tinned_foods;pork_meats_tinned;agriculture & animal husbandry;agriculture & animal husbandry chemicals;61.51;industrial drives;apron conveyors;genuine parts;steel_metals;steel_metals;steel_metals;79.08;38.89;78.65;alois-bauer_00000005061180-001;e0da00d386ac48ec87d5a9684015d5c1059540c8;6b91c2ca1f831dcafcc4c2a889b52f7e43d7e8d0;6ef992f9c4559a34c63755b70965effca43e0550;261b9504ec63f5f85fd82a8a1863fa1af229e3da;284e9850249fb2fe5c8c3edb917332acd1c24106;261b9504ec63f5f85fd82a8a1863fa1af229e3da;20965c7bc5825cbd88568790902918bab186efab;7e29dffab3496cce654e7bd78f37191f46377730;cb5de92efa33f001dc5d5306bd0ccf2ddb188f87;6cab14408b4e9298a6255076bc425621d67ffbb6;fc7b17f1fc771d28e879cd927476167d26e4dd3b;0d60252cd7fcb1e767a8546b1aa4489710082d3e
40;alois bauer;service provider;marienweg 8 | 95703 plößberg;plößberg;95703;germany;surface coating;kg;not_mapped;food_related_products;food_processing;liquorice;agriculture & animal husbandry;resource extraction minerals agriculture & animal husbandry;52.28;personalised transfers;trailer;industrial service;cars;cars;steel_metal_transformation;70.17;45.46;98.75;alois-bauer_00000005061180-001;e0da00d386ac48ec87d5a9684015d5c1059540c8;6b91c2ca1f831dcafcc4c2a889b52f7e43d7e8d0;18749f682471ed7f6ff2a7f5d6f8116f590ec60a;fe263d7853a4de4e5c3e5bdd119c6ef2e874ba07;76490967981e2e4be937f3abb4f78036e1ee4316;fe263d7853a4de4e5c3e5bdd119c6ef2e874ba07;20965c7bc5825cbd88568790902918bab186efab;469937344921b6d3222ccb0c923654fa328e9eaf;69603a23b37f0056634950dbce7e334154969c8f;6cab14408b4e9298a6255076bc425621d67ffbb6;c1561082c1139ed474aa1476a2c169f1d8ba3bdf;275118c9b7bcb1c6f79a8d414d3521369df3805a
41;alois bauer;service provider;marienweg 8 | 95703 plößberg;plößberg;95703;germany;industrial building construction;kg;not_mapped;metallurgy_metalworking;steel_metal_transformation;industrial_sheet_metal_work;infrastructure & machinery;infrastructure & machinery chemicals agriculture & animal husbandry;1.92;bulbs;motor vehicle component;leather promotional products;steel_metal_transformation;steel_metal_transformation;frozen_food;34.78;73.42;-0.01;alois-bauer_00000005061180-001;2638e6c038102a9f4611b4701e3fb15e3bbc108a;8db880e9092b15e06b801998e7ca313ca291d864;8db880e9092b15e06b801998e7ca313ca291d864;8db880e9092b15e06b801998e7ca313ca291d864;bdaadc85fd778909c1502e488c48e31c8c72c7d4;8db880e9092b15e06b801998e7ca313ca291d864;20965c7bc5825cbd88568790902918bab186efab;c4f1e7c54b903f016850a53ba4ecdee7cf233a54;c02db75801f6cbabef47860d9519a5297e51d654;fff49bd7f46c38c28dc6cbdcddf38daa3688823a;e3b09678f90025b926f0e1bdeb16a1a8047380be;efc96c8115c7fb530106ef3b936f078e1543d105
42;alois bauer;service provider;marienweg 8 | 95703 plößberg;plößberg;95703;germany;metal construction, lightweight;m3;not_mapped;metallurgy_metalworking;steel_metal_transformation;boilers_stainless_steel;infrastructure & machinery;wood infrastructure & machinery;21.57;plasma torches;adhesive tapes for the building trade;sliding frames;steel_metal_transformation;frozen_food;frozen_food;26.51;96.84;28.89;alois-bauer_00000005061180-001;f4bbfbe3f276842687db8c1c4d9aa4bacc3013ba;bd43b15e4d244625ec2dc63cd803f1e68520c1fb;bd43b15e4d244625ec2dc63cd803f1e68520c1fb;bd43b15e4d244625ec2dc63cd803f1e68520c1fb;5cd025807cf4782292e229bc0238633b2b9778d6;bd43b15e4d244625ec2dc63cd803f1e68520c1fb;20965c7bc5825cbd88568790902918bab186efab;8d926b734410de5ba68daa17089a14c1bc1b70f7;2e7dca08528a06c2061ffd6df50988f72a1572ba;fff49bd7f46c38c28dc6cbdcddf38daa3688823a;256ad95394df7f3e77c9f4b25fe5e3c77c61fa5e;6b3155381d80f78330805e1ad6e39a93994dabe6
43;alois bauer;service provider;marienweg 8 | 95703 plößberg;plößberg;95703;germany;locks;kg;not_mapped;construction_public_works;public_works;terraces_and_grandstands;infrastructure & machinery;infrastructure & machinery chemicals agriculture & animal husbandry;68.25;fabric for technical use;house insurance in spain;great service guaranteed;cars;frozen_food;steel_metal_transformation;62.03;-3.82;29.76;alois-bauer_00000005061180-001;7041c78ccc3a21fbcf0ce2e4eaf13d1fcb788479;e076792bee168c3fabbd09b2c3e8a7f0b3443ecb;15039f48a302c81145283ef8a0167df2a682801d;f8190c4b88c5e4d12303fd181019f59b4f19984b;f198153a9231ad165112e4f0bc23910af6082c15;f8190c4b88c5e4d12303fd181019f59b4f19984b;20965c7bc5825cbd88568790902918bab186efab;84892582cc4b7ff4aa8e3accf19a2d45d0ffd94f;f19315e800346a49ca3ccfbc7b4335824872f563;fff49bd7f46c38c28dc6cbdcddf38daa3688823a;e3b09678f90025b926f0e1bdeb16a1a8047380be;efc96c8115c7fb530106ef3b936f078e1543d105
44;alois bauer;service provider;marienweg 8 | 95703 plößberg;plößberg;95703;germany;bolt;kg;not_mapped;transport_related_services;sea_river_transport;marine_surveyors;transport;transport infrastructure & machinery;33.93;crane wheels;laser cutting service;titanium wire;cars;steel_metals;steel_metal_transformation;55.48;5.21;68.96;alois-bauer_00000005061180-001;7041c78ccc3a21fbcf0ce2e4eaf13d1fcb788479;e076792bee168c3fabbd09b2c3e8a7f0b3443ecb;ddef0cad245fa8c3877195216ff25679193501c4;9f39bd9c0fe93f4ad2cccf3c8a80993923020c57;16b5a5f6a527c23e14e92efa2488c772369bb63a;cfb20987c652f96645cbe938c75975711c90b160;20965c7bc5825cbd88568790902918bab186efab;147c1b4f65e43101a4331e91f089d0297b381a0e;b0531e77b07dcb115df89cb92fc8fde8756e6d81;a8e6012e4ab8ed7bac28ba6b0abff3465023afd2;55374e4537cc1d676a93e172578cdd4bba70a801;83ec5432af7996bd66a9922fd53ee550d4a388a1
45;alois bauer;service provider;marienweg 8 | 95703 plößberg;plößberg;95703;germany;keys;m3;not_mapped;construction_public_works;public_works;port_works;infrastructure & machinery;infrastructure & machinery electricity;13.37;cosmetic recipients;composite hoses;knife sharpening;steel_metal_transformation;steel_metal_transformation;steel_metal_transformation;91.72;56.55;36.71;alois-bauer_00000005061180-001;7041c78ccc3a21fbcf0ce2e4eaf13d1fcb788479;e076792bee168c3fabbd09b2c3e8a7f0b3443ecb;e2194e962034f21a2e895d9cda2dfb58eb71d878;5944ae25418ceabcf285dca1d721b77888dac89b;66416d5dcc7a6426e1ed13541a1a96cae1d529f5;5944ae25418ceabcf285dca1d721b77888dac89b;20965c7bc5825cbd88568790902918bab186efab;353a6f6d405c86ba5c6be1777842e31aa338823a;1f83c4db95b9e7f5d3bdc1afa7a7a691eb4ce9bc;fff49bd7f46c38c28dc6cbdcddf38daa3688823a;23fd517ebc9cdaa989026e1a9f765a63435125c8;a634ca9c5517ebeef4f8aa96ba0fea4ee5a2d349
46;polomolo;service provider;annastr. 6 | 44809 herne;herne;44809;germany;agriculture;kg;not_mapped;glass_construction_materials;glass;anti_glare_screens_glass;minerals;infrastructure & machinery minerals;22.9;construction of railway lines;fine panel work;horizontal formwork;frozen_food;steel_metal_transformation;steel_metal_transformation;97.41;47.12;98.87;polomolo_00000005397061-722228001;b2762742446fdb5655a7a59884571dcb136fc2a0;e8e501a884f0bde4d95451ba2339887f1bfd1ded;af6989a0c9850a1d457a563c41d88a5de05bfe3c;96c842e9da8fd2e3d76890658ce7e43d08de90c2;6b7ffa187585f27e0f7509c8d9cf5dd198ccce1d;96c842e9da8fd2e3d76890658ce7e43d08de90c2;20965c7bc5825cbd88568790902918bab186efab;6accf30caf5fcba645af153df7b5797cef8c08f4;9d533c1607c46e85d8f6f7fe54bc51871bc80fc7;b4d19a5eafe6de34ff8436e939e2f2b78171d1ab;d5a1c7a326289644832f69a9ab1a4056e6e5bb3e;bcd9fd9fc1d4d1722145b24e07b738e6e53c1715
47;polomolo;service provider;annastr. 6 | 44809 herne;herne;44809;germany;products for beauticians;kg;not_mapped;agriculture_livestock;animals_livestock;calves_and_cattle_slaughter;infrastructure & machinery;infrastructure & machinery cement & concrete;80.21;industrial led lighting;turnkey recycling installations;drinking water fountain;steel_metal_transformation;cars;cars;13.21;97.66;94.02;polomolo_00000005397061-722228001;2edf5794aba55b4b055d12458dd0b7e0b973b56e;3f968c33018f97adef4d249948ff9406e299472b;3f968c33018f97adef4d249948ff9406e299472b;3f968c33018f97adef4d249948ff9406e299472b;aa2b233150ba7e2b3354abbe92fee03e89907e55;3f968c33018f97adef4d249948ff9406e299472b;20965c7bc5825cbd88568790902918bab186efab;90a8b2e3f96a3fb5cd7c9c7e7ad5f61dcbf38ea2;92b4bbfd73b54143672aa88f88304add2d4c2f8e;fff49bd7f46c38c28dc6cbdcddf38daa3688823a;eb67478ae1b72436ea3c12e066450d6dce359d3e;9c1c9321bdbcf839f433f35990df76789e0f7f53
48;polomolo;service provider;annastr. 6 | 44809 herne;herne;44809;germany;security strong boxes;m3;not_mapped;vehicles_transport_equipment;material_equipment;roof_and_luggage_racks;infrastructure & machinery;infrastructure & machinery electricity;0.46;tubular structures;multi-touchsoftware;oversize tyre;steel_metals;cars;steel_metal_transformation;76.32;20.33;29.73;polomolo_00000005397061-722228001;575b0a9dace5c374634d4f7a36999be88b184871;0cf27c6d4a4e7570b1acbc29205c1144b8b9d3e7;0cf27c6d4a4e7570b1acbc29205c1144b8b9d3e7;0cf27c6d4a4e7570b1acbc29205c1144b8b9d3e7;4f8b52b3458df0c01d8e91322e73150c31286384;0cf27c6d4a4e7570b1acbc29205c1144b8b9d3e7;20965c7bc5825cbd88568790902918bab186efab;25385b2bfd7944046553050357200d226e1299bf;b7a34aa863ca673596973a833772c341b2084e1b;fff49bd7f46c38c28dc6cbdcddf38daa3688823a;23fd517ebc9cdaa989026e1a9f765a63435125c8;a634ca9c5517ebeef4f8aa96ba0fea4ee5a2d349
49;polomolo;service provider;annastr. 6 | 44809 herne;herne;44809;germany;applicable eu law compliance planning;kg;not_mapped;metallurgy_metalworking;steel_metal_transformation;boilers_copper;metals;minerals metals;-1.27;sports flooring;steel plates;organic spelt;steel_metals;steel_metals;steel_metal_transformation;31.58;54.64;38.53;polomolo_00000005397061-722228001;088b16c1c25835eed5860ccdf08a431fe485c6fd;7c1e85901da8bb3e1ea1cc2f6f393a025d3b36de;7c1e85901da8bb3e1ea1cc2f6f393a025d3b36de;7c1e85901da8bb3e1ea1cc2f6f393a025d3b36de;55122642932f7be8f18ca1f4227a62a2d435e8ca;7c1e85901da8bb3e1ea1cc2f6f393a025d3b36de;20965c7bc5825cbd88568790902918bab186efab;5d8e92020da15a365b1974845fd10095a3b2faec;d3afa0b0d0eec4aab476320e801a62a6d7ebab56;059cd1abf26b7bc46af1550003fa691c12a200a1;de54c3760997b3028b999b7d0fc64e1831f5daff;751312a77d5ea086c67269becba2b80d8e73bade
50;polomolo;service provider;annastr. 6 | 44809 herne;herne;44809;germany;administrative law;kg;not_mapped;vehicles_transport_equipment;cycles;motorcycle_clothing;infrastructure & machinery;infrastructure & machinery electronics;35.94;t-head bolt;milk product;belt bags;steel_metals;steel_metal_transformation;frozen_food;76.69;43.59;68.78;polomolo_00000005397061-722228001;1363a7549997006218fb8c33a6d41eacf5eac646;d41550f4a0da5c230479c6f463f140903df07a98;d41550f4a0da5c230479c6f463f140903df07a98;d41550f4a0da5c230479c6f463f140903df07a98;d5142f8191ecb24267ae41a3f1d56e64240e8190;d41550f4a0da5c230479c6f463f140903df07a98;20965c7bc5825cbd88568790902918bab186efab;a4816f46fb137ed6fa2f170118e0adb611081abe;4d1c01abac735198dc8fd7d875e63f99850caf33;fff49bd7f46c38c28dc6cbdcddf38daa3688823a;b85ccb7dcb47b1c02bb619a3425696028158a74e;79d47dda945a936b6c9cdf6cf3f63bc34bab8628
51;dohmen & holthausen gmbh;service provider;eibach 55 | 51789 lindlar;lindlar;51789;germany;air freight services;m3;not_mapped;food_related_products;dairy_products;milk_substitutes_for_babies;agriculture & animal husbandry;agriculture & animal husbandry fuels;75.51;minerals;almond nougat;general goods transportation;steel_metal_transformation;cars;frozen_food;20.15;77.65;55.1;dohmen-holthausen-gmbh_00000004851598-001;8a14b9407e03f0b2c7917a86ab7253b90eef339e;a0a71ee032916f7a40c2656b9d01b199fe1e6698;a0a71ee032916f7a40c2656b9d01b199fe1e6698;a0a71ee032916f7a40c2656b9d01b199fe1e6698;9176bcf9bf1e1796e43dad47ae89fda5094c4a8f;9d293d186a8d84bb67bb98d7b4a42276ec3b15f4;20965c7bc5825cbd88568790902918bab186efab;265a6e7d267bd12385629fc87d196fe5cec4dccd;b9fe7efcc9097b9f05a623372053538800c00ebe;6cab14408b4e9298a6255076bc425621d67ffbb6;8b159e8efdc1057791654a9aa80052822b2f4aeb;c96e7198a07bf3f136911c5c462f2a6ae0973572
52;dohmen & holthausen gmbh;service provider;eibach 55 | 51789 lindlar;lindlar;51789;germany;international freight;kg;not_mapped;vehicles_transport_equipment;vehicles_special_construction_and_equipment;NA;infrastructure & machinery;infrastructure & machinery fuels;63.45;protection devices for transformers;bridge crane hire;steel balls with minus tolerances;frozen_food;steel_metals;frozen_food;28.83;40.6;-4.22;dohmen-holthausen-gmbh_00000004851598-001;57277b86fdce2112b0b539212f0308f78211ad0b;e5e4f7c4f56d6ddcca6b2ee50dd146b171cf39cd;e5e4f7c4f56d6ddcca6b2ee50dd146b171cf39cd;e5e4f7c4f56d6ddcca6b2ee50dd146b171cf39cd;fb6e8e6e61a63ba4625f5e05eab70bb2874239c3;e5e4f7c4f56d6ddcca6b2ee50dd146b171cf39cd;20965c7bc5825cbd88568790902918bab186efab;5b42f78185b410d766de33897476c3e987e91f0e;806360c97799b0b7b98b47396050214088589df9;fff49bd7f46c38c28dc6cbdcddf38daa3688823a;a5de22ddd2299135d518accf37673eae0f217ad5;0c0ea7be108e30647b9c3a64f13cb76977d6bf0a
53;dohmen & holthausen gmbh;service provider;eibach 55 | 51789 lindlar;lindlar;51789;germany;road transport;kg;not_mapped;construction_public_works;construction_structural_work;foundations_works;infrastructure & machinery;infrastructure & machinery cement & concrete;-0.44;geothermal heating;spanish products;organic mushrooms;cars;steel_metal_transformation;frozen_food;-2.59;48.88;20;dohmen-holthausen-gmbh_00000004851598-001;224f7db32af2d35466f67a3484d9f947016bac4f;644155a56c716b1edc03924df00312e8144b632b;644155a56c716b1edc03924df00312e8144b632b;644155a56c716b1edc03924df00312e8144b632b;99898a6edc1eede11f85e4fb0eb8ff6c75d80b06;644155a56c716b1edc03924df00312e8144b632b;20965c7bc5825cbd88568790902918bab186efab;2d6f1a7d53460ef059c0f57af0a7fa7069ef599d;5c7c1c66c794dd841f2771d02fe33a682b4bb276;fff49bd7f46c38c28dc6cbdcddf38daa3688823a;eb67478ae1b72436ea3c12e066450d6dce359d3e;9c1c9321bdbcf839f433f35990df76789e0f7f53
54;dohmen & holthausen gmbh;service provider;eibach 55 | 51789 lindlar;lindlar;51789;germany;road transport - logistical services;m3;not_mapped;metallurgy_metalworking;steel_metal_transformation;nickel_plating;infrastructure & machinery;infrastructure & machinery resource extraction;41.22;ceramics, electrical;micro dosing pumps;advanced controller;cars;cars;steel_metal_transformation;5.59;67.71;35.22;dohmen-holthausen-gmbh_00000004851598-001;ba05fc05c22a9434c4ae6b47f984c8b4c1311608;3278b0a167b1cc2d88bcc25f8d3e3227571fb84d;3278b0a167b1cc2d88bcc25f8d3e3227571fb84d;3278b0a167b1cc2d88bcc25f8d3e3227571fb84d;1e05d760005c963b0704976323af5aedb991eeff;3278b0a167b1cc2d88bcc25f8d3e3227571fb84d;20965c7bc5825cbd88568790902918bab186efab;cf85a76e5f5fe38992d16d24ba66efb2b369cd40;4053fea033c05874d706c6a8f715a1d6df588d79;fff49bd7f46c38c28dc6cbdcddf38daa3688823a;ae754e44854abe26569b89b38fc941f16809fdcf;41adee77337adf81b722067617021642782582f3
55;dohmen & holthausen gmbh;service provider;eibach 55 | 51789 lindlar;lindlar;51789;germany;international removal;kg;not_mapped;mechanical_engineering_industry_equipment;food_industry_machines_equipment;ice_making_equipment_cubes_and_crushed_ice;infrastructure & machinery;transport infrastructure & machinery;94.35;wake up camping;scale models;round baler;steel_metals;steel_metals;steel_metal_transformation;4.16;85.71;61.26;dohmen-holthausen-gmbh_00000004851598-001;4d075146cc041f2aef51a550b0d6385bfce9e838;3508ecac8a8b4019dee63ad21562d82024a29f00;78a651bfd28a2ea499fa8f04c2ab8484660587dc;b524a334e841b2d6f35ec78a558a4782b9b4fe4d;2c11d37a6b00b20ac164834f765f1cd581e603f7;82dfb4ff5d6d70bae608ee22513f91243636f00f;20965c7bc5825cbd88568790902918bab186efab;35a9d0644e5508c0d2e8a1b0e829157dcc64d5f1;13e2687546da03bd951761a10033c5e7baa618c7;fff49bd7f46c38c28dc6cbdcddf38daa3688823a;77c8945b3502192bd2f3e98ca7d29be21b140b00;83ec5432af7996bd66a9922fd53ee550d4a388a1
56;dohmen & holthausen gmbh;service provider;eibach 55 | 51789 lindlar;lindlar;51789;germany;international relocation;kg;not_mapped;mechanical_engineering_industry_equipment;agriculture_machines_equipment;silviculture_and_arboriculture_machines_and_equipment;agriculture & animal husbandry;agriculture & animal husbandry fuels;19.65;couplings, mechanical;bicycle tyres;kebabs;steel_metal_transformation;steel_metal_transformation;steel_metals;77.53;27.66;80.29;dohmen-holthausen-gmbh_00000004851598-001;4d075146cc041f2aef51a550b0d6385bfce9e838;3508ecac8a8b4019dee63ad21562d82024a29f00;46b67e580265c9d124ab5d8e8ab7b5655579134d;c950595474c102d0934bf16100ef2ebc33352f05;ab3eeed7bd3d576fc33490fb4de5b1a32cf6a2be;ddd415edbc74eaa893b73fd243fff8811ab15518;20965c7bc5825cbd88568790902918bab186efab;a0b051f1c6f2ad2b69f03969b1fc852cf67d14a1;fd22205132dcf59dae6030781291203893a36c2e;6cab14408b4e9298a6255076bc425621d67ffbb6;8b159e8efdc1057791654a9aa80052822b2f4aeb;c96e7198a07bf3f136911c5c462f2a6ae0973572
57;reimann industrietechnik gmbh;manufacturer/ producer;hauptstrasse 2 | 94544 hofkirchen;hofkirchen;94544;germany;machining;m3;ordinary transforming activity;construction_public_works;equipment;fireplaces_accessories;infrastructure & machinery;infrastructure & machinery cement & concrete;43.52;cnc 4-axis milling work;organic wine;dealer;frozen_food;cars;steel_metals;27.67;0.92;94.23;reimann-industrietechnik-gmbh_00000004796056-001;80e666b0066d0138743373ac479b406237321e64;20d8631bd54d2c718a32a8cf80bc910b0eab0648;0f8b175ab8b86943684a5d0dc6a713e92fe0be8a;371c1d293c4af1c626cd10ac95b34b4492dd744d;84602a451bbe1ebbf7f3879a7adde4b3823a9990;371c1d293c4af1c626cd10ac95b34b4492dd744d;fd62c01c0168c1f02250969af71e56bf0ea681f5;0f25a26b059b24cda4f3445f3aebd9eb495ea9c8;8fb6d0bd5e45a10d0649bef582abd22b44325d7c;fff49bd7f46c38c28dc6cbdcddf38daa3688823a;eb67478ae1b72436ea3c12e066450d6dce359d3e;9c1c9321bdbcf839f433f35990df76789e0f7f53
58;reimann industrietechnik gmbh;manufacturer/ producer;hauptstrasse 2 | 94544 hofkirchen;hofkirchen;94544;germany;surface treatment;kg;ordinary transforming activity;food_related_products;drinks;starch_edible;infrastructure & machinery;infrastructure & machinery resource extraction fuels;67.12;professional buffets;hydraulic brakes;prepared meats machinery;steel_metals;steel_metal_transformation;steel_metals;25.12;17.6;36.47;reimann-industrietechnik-gmbh_00000004796056-001;2d6e30d167e90de22fd167bea6541d4c9ffdd3b6;6b91c2ca1f831dcafcc4c2a889b52f7e43d7e8d0;6ef992f9c4559a34c63755b70965effca43e0550;261b9504ec63f5f85fd82a8a1863fa1af229e3da;284e9850249fb2fe5c8c3edb917332acd1c24106;261b9504ec63f5f85fd82a8a1863fa1af229e3da;fd62c01c0168c1f02250969af71e56bf0ea681f5;4379a78c7143ce4be075c585fa58198b184ff803;443373456dc03b57dc3ea95dce5e59867a56ca8a;fff49bd7f46c38c28dc6cbdcddf38daa3688823a;f30cdc8d5c4f5c66ed86da4005f01a87c7774ca1;8da98b4a286ab9eec52f1501e654a240225a98de
59;reimann industrietechnik gmbh;manufacturer/ producer;hauptstrasse 2 | 94544 hofkirchen;hofkirchen;94544;germany;surface coating;kg;ordinary transforming activity;food_related_products;food_processing;nougat;infrastructure & machinery;infrastructure & machinery resource extraction minerals;81.44;contract bending;natural e-liquids;carboard packaging;steel_metals;cars;cars;4.43;43.53;15.31;reimann-industrietechnik-gmbh_00000004796056-001;2d6e30d167e90de22fd167bea6541d4c9ffdd3b6;6b91c2ca1f831dcafcc4c2a889b52f7e43d7e8d0;18749f682471ed7f6ff2a7f5d6f8116f590ec60a;fe263d7853a4de4e5c3e5bdd119c6ef2e874ba07;76490967981e2e4be937f3abb4f78036e1ee4316;fe263d7853a4de4e5c3e5bdd119c6ef2e874ba07;fd62c01c0168c1f02250969af71e56bf0ea681f5;d6b0c33a1f8744cfc89a5a101bb79854e42972f6;3c0466b08a3f75acb993729f069d3e14e23ce7fb;fff49bd7f46c38c28dc6cbdcddf38daa3688823a;a92ee9477900481f8c19e6bf0e4ea153b6d63c4a;a8de728c461c127b98ea2fe4c4fc19c3977966e0
60;reimann industrietechnik gmbh;manufacturer/ producer;hauptstrasse 2 | 94544 hofkirchen;hofkirchen;94544;germany;hand tools, non-power;m3;ordinary transforming activity;vehicles_transport_equipment;cars;automobile_junkyard;infrastructure & machinery;transport infrastructure & machinery;2.04;producers of vci plastic;hgv equipment;wire bulk goods;steel_metal_transformation;cars;steel_metal_transformation;-3.85;55.09;72.57;reimann-industrietechnik-gmbh_00000004796056-001;aa2b946d9e3f9fc5760c1e53f7f340e9543b1268;60f41e1221ace9420db85d4107fab3109a1eba58;60f41e1221ace9420db85d4107fab3109a1eba58;60f41e1221ace9420db85d4107fab3109a1eba58;4e9617a7935de7da5f225bf940ef1c342a6daa9a;60f41e1221ace9420db85d4107fab3109a1eba58;fd62c01c0168c1f02250969af71e56bf0ea681f5;fa60b5b73180c5fe1822a960e4fe1a3a72c1df57;22fc7dfd6e4ebdb76c7e90354df0f3675a796114;fff49bd7f46c38c28dc6cbdcddf38daa3688823a;77c8945b3502192bd2f3e98ca7d29be21b140b00;83ec5432af7996bd66a9922fd53ee550d4a388a1
61;reimann industrietechnik gmbh;manufacturer/ producer;hauptstrasse 2 | 94544 hofkirchen;hofkirchen;94544;germany;portable power tools;kg;ordinary transforming activity;food_related_products;drinks;soft_drinks;agriculture & animal husbandry;infrastructure & machinery chemicals agriculture & animal husbandry;15.74;aluminium packaging for aromatic raw materials;composite panels;propane;steel_metal_transformation;steel_metals;steel_metal_transformation;2.8;46.76;64.47;reimann-industrietechnik-gmbh_00000004796056-001;c3c78a8cb24d14c1284dfdd39f37ce141d53ef55;3437f6e23dd6dd939e30657a2aeffd8e2f89d7e9;3437f6e23dd6dd939e30657a2aeffd8e2f89d7e9;3437f6e23dd6dd939e30657a2aeffd8e2f89d7e9;19670b740161b76b2276e5be28fb048caaea717f;3437f6e23dd6dd939e30657a2aeffd8e2f89d7e9;fd62c01c0168c1f02250969af71e56bf0ea681f5;80deb34149053fac9b8450f90df49841c1597078;d49a8d7248fc5deee055b8a5216f43481c0b09c0;6cab14408b4e9298a6255076bc425621d67ffbb6;488f40a14827eeec943b98c35c98f55b60976e3f;efc96c8115c7fb530106ef3b936f078e1543d105
62;reimann industrietechnik gmbh;manufacturer/ producer;hauptstrasse 2 | 94544 hofkirchen;hofkirchen;94544;germany;machine tools - metal shaping;kg;ordinary transforming activity;food_related_products;tinned_foods;freeze_dried_fish;infrastructure & machinery;infrastructure & machinery waste treatment & recycling pulp & paper;6.32;stores equipment;relational coaching;figs as cheese accompaniments;steel_metal_transformation;steel_metal_transformation;steel_metals;57.12;-0.03;56.33;reimann-industrietechnik-gmbh_00000004796056-001;fb0d12ac98bf26ae2f9a57d34a61d4ba519e20f1;c5a39035be8bc0bf6c91080fcb16855d0ff0faab;c5a39035be8bc0bf6c91080fcb16855d0ff0faab;c5a39035be8bc0bf6c91080fcb16855d0ff0faab;5ba64fee91383d5a715b91a0e93c11478e762e89;c5a39035be8bc0bf6c91080fcb16855d0ff0faab;fd62c01c0168c1f02250969af71e56bf0ea681f5;bd787a9cac1f1aa0149891f56a1e3f909003d8e9;ec359aebef5ae359e076b5bd0e290c82b6ab71a8;fff49bd7f46c38c28dc6cbdcddf38daa3688823a;e34650745979a9397ec7f6e6ef5145c8416789cd;42f0f7713747d5487dd8331937eed2690fa6e1a7
63;sebastian brass (magister artium);service provider;grünstrasse 53 | 51063 köln;köln;51063;germany;composition;m3;not_mapped;construction_public_works;construction_finishings;alarms_and_surveillance_installation;electronics;electronics water supply;57;galliforms;drawn bars;fitting workshop;steel_metal_transformation;steel_metals;steel_metals;92.14;24.4;96.63;sebastian-brass-magister-artium_00000004961209-001;217037cc4213a5e1c8458707b3984f120739e541;8f6bd701ce5eed0b9457672e1575a9f28e49b546;2b697236be93739445c11a649fa738ecb84c9701;e93600b82d70cf4a91d90c6437fd40679827c2dd;1d2d7241dc78ead5d3c13b951bd8eb1711c71bca;e93600b82d70cf4a91d90c6437fd40679827c2dd;20965c7bc5825cbd88568790902918bab186efab;3a483936dfc029483ad8151d36a068a8f20e4f36;dcdece1d4bc0f075e2c5f5b95b7c69078db544de;1ed41f53f6e46bae8c539f14baf2af7e80028245;5e57edfde09dbbd90eb77cf96b06f6ec635c069f;22e47d9ecc5e7b84e393be5624f1c21af9546358
64;sebastian brass (magister artium);service provider;grünstrasse 53 | 51063 köln;köln;51063;germany;photocomposition;kg;not_mapped;mechanical_engineering_industry_equipment;agriculture_machines_equipment;tractors_clearing_and_logging;infrastructure & machinery;electronics infrastructure & machinery;71.99;products for restoration;sails;water treatment plant management;steel_metal_transformation;steel_metal_transformation;steel_metals;69.08;14.99;40.38;sebastian-brass-magister-artium_00000004961209-001;217037cc4213a5e1c8458707b3984f120739e541;8f6bd701ce5eed0b9457672e1575a9f28e49b546;6bc894a912c2998727469b92535f101a11c328e4;e9845700c3c50873a5106336be8e61bb6c533a0c;f388ac0b4f275e474e12f7181ac3cd5131739ae7;e9845700c3c50873a5106336be8e61bb6c533a0c;20965c7bc5825cbd88568790902918bab186efab;0f8f66a484db694112776cd559789ac75e57562c;95cfa6751d46db6cc1619fc055cfe52d5ce98742;fff49bd7f46c38c28dc6cbdcddf38daa3688823a;3944a4da30a794b1b7cbd8ace721ce54f953f770;447bb266a8b2946c7f3366989f40decd5c588404
65;sebastian brass (magister artium);service provider;grünstrasse 53 | 51063 köln;köln;51063;germany;photoengraving;kg;not_mapped;food_related_products;food_processing;food_processing;infrastructure & machinery;infrastructure & machinery fuels;56.69;used business it;testing;trout;frozen_food;steel_metal_transformation;steel_metal_transformation;25.02;6.02;60.16;sebastian-brass-magister-artium_00000004961209-001;217037cc4213a5e1c8458707b3984f120739e541;8f6bd701ce5eed0b9457672e1575a9f28e49b546;a1fe7e0af95a8fdd7299299da6bf079a6bb144fd;b249e5542b8bce1fd04cf35c8a55c3149ad10350;732b9fe97aaa1d69e970ff25f9e7e35322d94e3d;b249e5542b8bce1fd04cf35c8a55c3149ad10350;20965c7bc5825cbd88568790902918bab186efab;8a6311ac8d15e0be2ddbe3d8519d39f61e066985;7eabecdfb9c8c909aedb9e2d2041363501a73c44;fff49bd7f46c38c28dc6cbdcddf38daa3688823a;a5de22ddd2299135d518accf37673eae0f217ad5;0c0ea7be108e30647b9c3a64f13cb76977d6bf0a
66;sebastian brass (magister artium);service provider;grünstrasse 53 | 51063 köln;köln;51063;germany;print;m3;not_mapped;metallurgy_metalworking;steel_metal_transformation;boilermaking_naval;infrastructure & machinery;infrastructure & machinery chemicals agriculture & animal husbandry;3.86;painting of rubber;rehabilitation apparatus;gas boilers for the home;cars;steel_metal_transformation;cars;92.74;27.19;97.59;sebastian-brass-magister-artium_00000004961209-001;602c26d7ad4945fa6d5f47a75622ef970b333ab6;2cd070a4fc87c09ef79b3e49b4d9a67885b59aba;2cd070a4fc87c09ef79b3e49b4d9a67885b59aba;2cd070a4fc87c09ef79b3e49b4d9a67885b59aba;81ea08a1cd849c568aa38365205ad6a72f474a01;6d0d5876e6710ebb4f309b5af01090cb97381d06;20965c7bc5825cbd88568790902918bab186efab;9d99a098f005bb766c4b3cd3dc5525252759da3b;7bccafc095f99bae4beda0a8dff8c14a85410749;fff49bd7f46c38c28dc6cbdcddf38daa3688823a;e3b09678f90025b926f0e1bdeb16a1a8047380be;efc96c8115c7fb530106ef3b936f078e1543d105
67;sebastian brass (magister artium);service provider;grünstrasse 53 | 51063 köln;köln;51063;germany;silk-screen printing;kg;not_mapped;mechanical_engineering_industry_equipment;food_industry_machines_equipment;fish_processing_machines_and_equipment;infrastructure & machinery;infrastructure & machinery water supply;64;premium choice fresh dates;slaughterhouse waste recycling;contract manufacturer of capsules;steel_metals;cars;cars;3.66;2.92;59.65;sebastian-brass-magister-artium_00000004961209-001;78c6e7ea123de57a9240ad32b2ddaaff47efc355;967eb416a75debbdbcc9caba7f2d5ce6ccfde724;967eb416a75debbdbcc9caba7f2d5ce6ccfde724;967eb416a75debbdbcc9caba7f2d5ce6ccfde724;4fe1c42e15cf3ae1ae407faac0d798ab10183280;967eb416a75debbdbcc9caba7f2d5ce6ccfde724;20965c7bc5825cbd88568790902918bab186efab;40db47492e7171ba18cd3c7dde47a54336b966a6;83dc97dbbe221bf2e95719bfd44cd4fd17d3d067;fff49bd7f46c38c28dc6cbdcddf38daa3688823a;89e16bf879234853ff276bda56f49654813745f1;74d086c8b051f315c1bd2dab8cb4d5d57473c67e
68;sebastian brass (magister artium);service provider;grünstrasse 53 | 51063 köln;köln;51063;germany;reprographics;kg;not_mapped;construction_public_works;construction;soil_analysis;infrastructure & machinery;infrastructure & machinery fuels resource extraction;30.11;tin openers;special panel work;trekking equipment;cars;cars;steel_metal_transformation;97.62;4.64;6.95;sebastian-brass-magister-artium_00000004961209-001;6b94c97bffb935b70fdaa7367ad7acc2f6492185;759fb1073c271c3f92fdfccd481c97a20f7dfd30;759fb1073c271c3f92fdfccd481c97a20f7dfd30;759fb1073c271c3f92fdfccd481c97a20f7dfd30;5ffe02b1c7ed5458f92a57430afcfc879d0e7b2e;759fb1073c271c3f92fdfccd481c97a20f7dfd30;20965c7bc5825cbd88568790902918bab186efab;c44a3b3497a66aebdd860a9848c40a50318a6bc2;d24fe2565ec65bf7690b1b64d25dd0f4660e217b;fff49bd7f46c38c28dc6cbdcddf38daa3688823a;33dc7c58dd300a662780de412c80ab27c2f49102;baa18fca8bdfaaa323b81078c4e0dbb00f351229
69;sebastian brass (magister artium);service provider;grünstrasse 53 | 51063 köln;köln;51063;germany;publishing, general;m3;not_mapped;agriculture_livestock;cereals_grains;crop_harvesting;agriculture & animal husbandry;agriculture & animal husbandry;20.69;plants for pork products;distribution, publicity;injection moulded plastic parts with filter mesh insert;frozen_food;frozen_food;steel_metal_transformation;10.01;23.25;96.78;sebastian-brass-magister-artium_00000004961209-001;e93db0a8be3a47979f36974461456674c407bac4;478e406e89da60b39faeff4bc3c93681408819ad;478e406e89da60b39faeff4bc3c93681408819ad;478e406e89da60b39faeff4bc3c93681408819ad;3e172ebd4e4cf2729fa8ad19ee2f9c215d8656b5;478e406e89da60b39faeff4bc3c93681408819ad;20965c7bc5825cbd88568790902918bab186efab;368e034ec59c1bac6be38afecc193703901d1236;f140f0be14fdec93de8bed72bd149e37ca3a31ae;6cab14408b4e9298a6255076bc425621d67ffbb6;dcab748194be5b00a56a0ea7e618034f4374e08f;6cab14408b4e9298a6255076bc425621d67ffbb6
70;bio obstbau filipp;manufacturer/ producer;in anleiten 2 | 2125 bogenneusiedl;bogenneusiedl;2125;austria;vegetables, edible roots;kg;ordinary transforming activity;transport_related_services;air_transport;helicopter_charters_passenger_transport;transport;transport infrastructure & machinery;5.64;raman microscopes;weigh-bridges for semitrailers;buns;steel_metal_transformation;frozen_food;steel_metal_transformation;59.14;2.25;-4.15;bio-obstbau-filipp_00000005219340-001;6d48cdb4f4c36397af7051355cb8494c6fe6c56d;b5699fa7ec14f7ec74030afcf8f767d2d0752be1;119c626d16102c3f891aa101a5812a7736c43983;ec70309cae56a31ec01ebffbfabd6e67678f463a;40f043e1869b0e5ef9663ef9eede365afbf97cae;ec70309cae56a31ec01ebffbfabd6e67678f463a;fd62c01c0168c1f02250969af71e56bf0ea681f5;99c75d40cbd09b1152bf6fe13d26e6e3194065e4;70d02e0e1a3b51e92474a0c9e2250380e13bcbd5;a8e6012e4ab8ed7bac28ba6b0abff3465023afd2;55374e4537cc1d676a93e172578cdd4bba70a801;83ec5432af7996bd66a9922fd53ee550d4a388a1
71;bio obstbau filipp;manufacturer/ producer;in anleiten 2 | 2125 bogenneusiedl;bogenneusiedl;2125;austria;vegetables, tubers;kg;ordinary transforming activity;food_related_products;frozen_foods;meats_frozen_and_deep_frozen;agriculture & animal husbandry;waste treatment & recycling agriculture & animal husbandry;4.48;titanium lightweight construction;clutches for the naval sector;vehicles for the collection of industrial waste;steel_metals;cars;steel_metals;54.57;34.54;83;bio-obstbau-filipp_00000005219340-001;6d48cdb4f4c36397af7051355cb8494c6fe6c56d;b5699fa7ec14f7ec74030afcf8f767d2d0752be1;f752054a1c7ee4fd68c157d78dd3fa52dbe46d70;ef11ea0f4175a8bffdebe50e78a80677a5d4059d;5b5483df297527f7e951f631a7c543ed41f8271b;ef11ea0f4175a8bffdebe50e78a80677a5d4059d;fd62c01c0168c1f02250969af71e56bf0ea681f5;25945e5db6805bd9cf12ea7d7ae09126386e6844;ae78f6eb1567a01cdb042ab7c2b47d1ad1db4765;6cab14408b4e9298a6255076bc425621d67ffbb6;d678d3bc5a25993d072996e7bd166b85b3bfb29e;d94514826ed3b5ce2f8bf379f8255c770bc415c6
72;bio obstbau filipp;manufacturer/ producer;in anleiten 2 | 2125 bogenneusiedl;bogenneusiedl;2125;austria;fruit;m3;ordinary transforming activity;construction_public_works;equipment;sunshades_and_accessories;infrastructure & machinery;infrastructure & machinery resource extraction;72.02;production of alpha paster;snowplough shovels;electric hoists;steel_metal_transformation;cars;steel_metal_transformation;37.65;15.36;54.76;bio-obstbau-filipp_00000005219340-001;425e4893e4acaaf0cf5a07cb5d40aba0107df75d;f053b8b6867d63b294d649595d714aa755500d93;f053b8b6867d63b294d649595d714aa755500d93;f053b8b6867d63b294d649595d714aa755500d93;4e01e98b0fd0159257b7d1b176f19def9170f2e9;f053b8b6867d63b294d649595d714aa755500d93;fd62c01c0168c1f02250969af71e56bf0ea681f5;420ef138607c030173be0cb313c377d4f845330f;e6f662dff253c162d7df67efeb422299844c39cc;fff49bd7f46c38c28dc6cbdcddf38daa3688823a;ae754e44854abe26569b89b38fc941f16809fdcf;41adee77337adf81b722067617021642782582f3
73;bio obstbau filipp;manufacturer/ producer;in anleiten 2 | 2125 bogenneusiedl;bogenneusiedl;2125;austria;dietary foods;kg;ordinary transforming activity;mechanical_engineering_industry_equipment;agriculture_machines_equipment;planting_and_sowing_machinery_and_equipment;infrastructure & machinery;infrastructure & machinery heat;41.74;hollow pin chains;fish producer;iron products trade;steel_metal_transformation;steel_metals;steel_metal_transformation;3.29;4.81;50.13;bio-obstbau-filipp_00000005219340-001;7e9eb54330221efacb353057d61743b9b0671655;eaad2e46eac1606d963d0b8a93e16af884f931f2;fdb642d6056de248a8027852f1cbbbfa8052650c;3491f9ff7cd2abf32d0cb4a56ae58b4804b141f8;0caab07b7bbe12e53ad7894380012395592a2815;3491f9ff7cd2abf32d0cb4a56ae58b4804b141f8;fd62c01c0168c1f02250969af71e56bf0ea681f5;2ea60e3f175f4db447fda1fe1a21dc9467dbaa09;e8dd1072c9a47729acdc8d87abfd9192875adb98;fff49bd7f46c38c28dc6cbdcddf38daa3688823a;5dd837d529960ee71e14e0fb295ef3c065cfe41d;37896e3a1338aa73f861498581ea813b2ddbddfe
74;bio obstbau filipp;manufacturer/ producer;in anleiten 2 | 2125 bogenneusiedl;bogenneusiedl;2125;austria;organic food;kg;ordinary transforming activity;metallurgy_metalworking;steel_metal_transformation;sharpening_steels_and_metals;infrastructure & machinery;infrastructure & machinery heat;20.15;metal sleeves, deep drawing;driers for the chemical industry;garlic bulbs;cars;steel_metals;cars;43.21;40.06;25.9;bio-obstbau-filipp_00000005219340-001;7e9eb54330221efacb353057d61743b9b0671655;eaad2e46eac1606d963d0b8a93e16af884f931f2;912dfa339ed0d9e055bf44fa30129805c5badab2;7dad6d0ffc0978da317ab88f2cf58366fffc78b9;66943396631d98b745e675bfd34be72bf3e5240d;ea211507b860b477003e38978e434cfbd7a7437e;fd62c01c0168c1f02250969af71e56bf0ea681f5;e8a949ce30fead86dd311aaf05c2632275653c8c;a0b51bf5db1fba551d33e2ebb983665cc3d5c4db;fff49bd7f46c38c28dc6cbdcddf38daa3688823a;5dd837d529960ee71e14e0fb295ef3c065cfe41d;37896e3a1338aa73f861498581ea813b2ddbddfe
75;bio obstbau filipp;manufacturer/ producer;in anleiten 2 | 2125 bogenneusiedl;bogenneusiedl;2125;austria;drinks, soft;m3;ordinary transforming activity;construction_public_works;equipment;doors_flexible_industrial;infrastructure & machinery;infrastructure & machinery fuels resource extraction;6.72;carriers accessories;bulk alcohol;slip rings;steel_metal_transformation;cars;steel_metal_transformation;10.72;42.07;-2.66;bio-obstbau-filipp_00000005219340-001;6f7ac5fdfbbd0b8dcee2ca2b8f297ccbeccea8b9;352651a899aa0a863805d1070ad191c1b4877dc9;352651a899aa0a863805d1070ad191c1b4877dc9;352651a899aa0a863805d1070ad191c1b4877dc9;585b8b1cc754de35a17eceda8338d6ddcaa7f295;352651a899aa0a863805d1070ad191c1b4877dc9;fd62c01c0168c1f02250969af71e56bf0ea681f5;db030a98820e892959c23c87463749485e0f0bb6;dc80df216de52657c659f1a31eebbf5d9372bd3b;fff49bd7f46c38c28dc6cbdcddf38daa3688823a;33dc7c58dd300a662780de412c80ab27c2f49102;baa18fca8bdfaaa323b81078c4e0dbb00f351229
76;bio obstbau filipp;manufacturer/ producer;in anleiten 2 | 2125 bogenneusiedl;bogenneusiedl;2125;austria;juice;kg;ordinary transforming activity;metallurgy_metalworking;steel_metal_transformation;silos_metal;infrastructure & machinery;infrastructure & machinery electronics;59.21;storage shed removals;fatty acids;pneumatic clutches;frozen_food;cars;steel_metals;95.44;79.57;-4.77;bio-obstbau-filipp_00000005219340-001;ec9bcdd74950c9db2f7c4ce09b06b12c7ef5282d;d0dd296faf56a7eefdd93efc07fd64582596a631;4019d36e5e2c0176e1b67e801170fb15cf98cdb2;8214df29f0a1a8a3c53416a3be8b4611e6dbe13a;8b2da0eede745ca46f5e93d047d8c9e67e0e7498;07ef879175424a11fbc65e95737df3df8822b8a6;fd62c01c0168c1f02250969af71e56bf0ea681f5;9f3a0c6e55328be26e7443dc980526ede1bb0225;5a67450eca8a268189ce066b10891e09ab0af5b1;fff49bd7f46c38c28dc6cbdcddf38daa3688823a;b85ccb7dcb47b1c02bb619a3425696028158a74e;79d47dda945a936b6c9cdf6cf3f63bc34bab8628
77;bio obstbau filipp;manufacturer/ producer;in anleiten 2 | 2125 bogenneusiedl;bogenneusiedl;2125;austria;fruit;kg;ordinary transforming activity;vehicles_transport_equipment;industrial_vehicles;skips_for_industrial_vehicles;infrastructure & machinery;infrastructure & machinery cement & concrete;86.24;pallet cages;single-component mixing;watch making;steel_metal_transformation;frozen_food;steel_metal_transformation;10.61;1.69;42.85;bio-obstbau-filipp_00000005219340-001;ec9bcdd74950c9db2f7c4ce09b06b12c7ef5282d;d0dd296faf56a7eefdd93efc07fd64582596a631;b81bc7055acb7cef42ebb791e6c6cfbb010f8480;f053b8b6867d63b294d649595d714aa755500d93;4e01e98b0fd0159257b7d1b176f19def9170f2e9;f053b8b6867d63b294d649595d714aa755500d93;fd62c01c0168c1f02250969af71e56bf0ea681f5;3fd807f74ad4dd0ce2a4021c6a894ea4c12079d3;8def6c8e8e7ddf13fd99d2a25eb27472a7e47806;fff49bd7f46c38c28dc6cbdcddf38daa3688823a;eb67478ae1b72436ea3c12e066450d6dce359d3e;9c1c9321bdbcf839f433f35990df76789e0f7f53
78;bio obstbau filipp;manufacturer/ producer;in anleiten 2 | 2125 bogenneusiedl;bogenneusiedl;2125;austria;vegetable;m3;ordinary transforming activity;vehicles_transport_equipment;boats;ship_furnishings;transport;infrastructure & machinery transport;66.46;lifting - vehicles;satelite equipment;tube packager, laminated;steel_metals;frozen_food;steel_metals;60.71;-4;71.86;bio-obstbau-filipp_00000005219340-001;ec9bcdd74950c9db2f7c4ce09b06b12c7ef5282d;d0dd296faf56a7eefdd93efc07fd64582596a631;6965ef58002871e15bdbc0bb309ce7c5ee2351b3;f13a905f3776e7929cdf306883e240493c71d821;79be67f580b272685598e55bd1026c9423859f02;f13a905f3776e7929cdf306883e240493c71d821;fd62c01c0168c1f02250969af71e56bf0ea681f5;d4fcb251673b620bc661cf175db313c96b7ae121;d640d26002ae5dc7d8b5018de6789502301aa635;a8e6012e4ab8ed7bac28ba6b0abff3465023afd2;cec18a16a6f48ac0448d68644ef292b526c2c89f;7ed0855a906be706ebf375a90c47f080611dee83
79;audebert;missing;route du salembre la gare | 24190 neuvic;neuvic;24190;france;thermal insulation material;kg;not_mapped;glass_construction_materials;ceramics;raw_materials_for_ceramics_industry;minerals;minerals metals;81.23;harbour transhipment facilities;robot cover;fuel tank caps;frozen_food;steel_metals;steel_metals;29.13;26.26;43.75;audebert_fra778410-00101;d8730c4fad486528a10e0e7571ca4b902a2f707a;a533e93632494c68772b7126cc79bec1f738107a;a533e93632494c68772b7126cc79bec1f738107a;a533e93632494c68772b7126cc79bec1f738107a;2f2db8ef8b659142cbd0cf3e36431382aec73853;06ee6fe038f5d434f0cb25788cbd2d4508c05f2d;5a013c49508291c6816ac388f93a2c11973086ed;2373ede4a5611d2c1b0a9963955a31a9412ed00a;0ab58a8c5aeac4a01d9f5350162ae2f2e0574e4d;b4d19a5eafe6de34ff8436e939e2f2b78171d1ab;f9eafaf1f0acc35ba88244fe26e7ddac3ee5b6b4;751312a77d5ea086c67269becba2b80d8e73bade
80;audebert;missing;route du salembre la gare | 24190 neuvic;neuvic;24190;france;finishing work;kg;not_mapped;construction_public_works;equipment;cavity_walls_insulating_materials;infrastructure & machinery;infrastructure & machinery agriculture & animal husbandry;67.84;accessories for installers;parma ham trade;security alarms for public buildings;steel_metal_transformation;steel_metals;steel_metal_transformation;41.9;23.08;-3.71;audebert_fra778410-00101;d792249b22052e8e8d2ae83368cae89ce4a1c0f7;e448ecc69a9cb306ebe9a36292945fb02d7d6041;e448ecc69a9cb306ebe9a36292945fb02d7d6041;e448ecc69a9cb306ebe9a36292945fb02d7d6041;efd780116550fe9f42aaa842baf6ad43001b27ef;e448ecc69a9cb306ebe9a36292945fb02d7d6041;5a013c49508291c6816ac388f93a2c11973086ed;d24d6e8a26866b3ff1bd6de069194a0cc941f176;c918dda57635a8bb16b18870c03f6638ffa88783;fff49bd7f46c38c28dc6cbdcddf38daa3688823a;448af05cee98d55b6a3ecf783293fc9175ab1f71;bd2bebc5d8109244a7b3f7d05ce7495aa8fd9596
81;audebert;missing;route du salembre la gare | 24190 neuvic;neuvic;24190;france;heating works;m3;not_mapped;construction_public_works;fireplaces_and_stoves_ornamental_and_accessories;NA;infrastructure & machinery;infrastructure & machinery minerals;92.57;dredgers;cleaning hydraulic pipes;continuous flow cleaning systems;steel_metals;steel_metals;steel_metal_transformation;68.33;7.16;83.59;audebert_fra778410-00101;7aa9667dc764dbf88de36a440c6708bb657de626;f0da8bbc7c6d0dc555e4f639fac275c6c7678ddd;c666d04072cbe4bc94c932970fbf01437a95edd0;570ac2896c1b2116dfd8bd659ce4a4b534a413b2;5b0c2c78914fa9a78cd91b62d7ade28c92ef2797;570ac2896c1b2116dfd8bd659ce4a4b534a413b2;5a013c49508291c6816ac388f93a2c11973086ed;310411c4f42638c9d647e8ed115607fe86c390a2;7031d3b494c1181f4633fbd656b13296e47de55f;fff49bd7f46c38c28dc6cbdcddf38daa3688823a;ddb1fb396c414766bce93cd6efa626f2c49c43d8;bcd9fd9fc1d4d1722145b24e07b738e6e53c1715
82;audebert;missing;route du salembre la gare | 24190 neuvic;neuvic;24190;france;air conditioning works;kg;not_mapped;metallurgy_metalworking;steel_metal_transformation;silos_metal;infrastructure & machinery;infrastructure & machinery;91.38;dip coating in the sol-gel process;bowden cables;writing envelopes;steel_metals;steel_metal_transformation;steel_metal_transformation;53.64;65.64;70.43;audebert_fra778410-00101;7aa9667dc764dbf88de36a440c6708bb657de626;f0da8bbc7c6d0dc555e4f639fac275c6c7678ddd;22892b5e2b5493f43136bbf173dba8d16595f505;1a14ae208356c0e4fccdabc9684b33278de81bd4;fbc8b476e96cb0a35c3e3401b07bef6606edb17d;1a14ae208356c0e4fccdabc9684b33278de81bd4;5a013c49508291c6816ac388f93a2c11973086ed;9f3a0c6e55328be26e7443dc980526ede1bb0225;5a67450eca8a268189ce066b10891e09ab0af5b1;fff49bd7f46c38c28dc6cbdcddf38daa3688823a;633de3793703c5fa04516d45a6cf0387d44dfa7d;fff49bd7f46c38c28dc6cbdcddf38daa3688823a
83;dawedeit gmbh;missing;lösenbacher landstr. 138 | 58515 lüdenscheid;lüdenscheid;58515;germany;forming;kg;not_mapped;metallurgy_metalworking;steel_metal_transformation;cleaning_steel_and_metals;metals;electronics metals;10.21;aluminum-frame window installation;electricity generator rental;salt;frozen_food;steel_metal_transformation;steel_metals;70.93;55.74;57.25;dawedeit-gmbh_deu445007-00101;4541c62ae1d4381b3b5272753838c2ad6fa72b0b;d379f2ced32e7806893e4232fdbd0f9544146ae8;43dcb5493869367559cfca304fa80ec7760310d8;83ac89f1d6b734b698dfc40825ab7d05cf7462aa;ef5251f82e9a6d63971c04b1863702dc56ddaaf9;83ac89f1d6b734b698dfc40825ab7d05cf7462aa;5a013c49508291c6816ac388f93a2c11973086ed;b044eec1205c7ef2fde9e38db6b9b308a1bd791a;9edb082fe81d62738fa2abbe178b29df277d756c;059cd1abf26b7bc46af1550003fa691c12a200a1;61d03cee51ad07f963a590390d6bb84ebac277f6;8f6950d729b466f3f47468a8f63421087ec40e51
84;dawedeit gmbh;missing;lösenbacher landstr. 138 | 58515 lüdenscheid;lüdenscheid;58515;germany;cutting;m3;not_mapped;food_related_products;import_export_food_and_agriculture;NA;infrastructure & machinery;infrastructure & machinery fuels heat;69.87;alumina;floating road coupling;industrial drying boxes;steel_metals;cars;cars;28.12;37.57;63.56;dawedeit-gmbh_deu445007-00101;4541c62ae1d4381b3b5272753838c2ad6fa72b0b;d379f2ced32e7806893e4232fdbd0f9544146ae8;fe39047975d177f0899c335130bf447513e47633;2fa40299ce89696cf293717b65ef3ffd88914b16;b48ba127b44189c46000c0dfe78c4cf1765bd561;2fa40299ce89696cf293717b65ef3ffd88914b16;5a013c49508291c6816ac388f93a2c11973086ed;06f3a6dbe43dba64cc70006f4b8f2ae8551fb5a0;0e2c2eabb9b71c6df93a02bbe9d762261ffbe9ea;fff49bd7f46c38c28dc6cbdcddf38daa3688823a;30bb54c904312367fe5c60b7c4910a3d87e7366a;56df1a55797a2c3b4cf3de07ac5c015a6616dc2d
85;reiteralm & fageralm bergbahnen;service provider;gleiming 34 | 8973 schladming;schladming;8973;austria;ski lifts;kg;not_mapped;vehicles_transport_equipment;cars;vehicle_chassis;infrastructure & machinery;infrastructure & machinery water supply;3.57;brut sparkling wine;planting equipment;cross trainer;steel_metal_transformation;cars;cars;94.91;26.1;86.77;reiteralm-fageralm-bergbahnen_00000005377648-691169001;be9c36c41eb640dfc7ee736c7da7918e9ac0e3b1;cd9846e17290616fdba99332bffaf9cf964cb459;cd9846e17290616fdba99332bffaf9cf964cb459;cd9846e17290616fdba99332bffaf9cf964cb459;32414ebed34969d0f964b321a36482f170466b11;cd9846e17290616fdba99332bffaf9cf964cb459;20965c7bc5825cbd88568790902918bab186efab;e4e26b5c970255c4161205480d3626be1836675f;23cb57eb942ca0994cbb68b20f05ac2ca6b1026f;fff49bd7f46c38c28dc6cbdcddf38daa3688823a;89e16bf879234853ff276bda56f49654813745f1;74d086c8b051f315c1bd2dab8cb4d5d57473c67e
86;accente gmbh;missing;oststr. 80-82 | 22844 norderstedt;norderstedt;22844;germany;office supplies;kg;not_mapped;food_related_products;drinks;food_flavourings;infrastructure & machinery;infrastructure & machinery resource extraction minerals;45.61;conveyors for slaughterhouses;production services;international personnel recruiting;steel_metal_transformation;steel_metals;cars;95.49;93.24;-3.67;accente-gmbh_deu452944-00101;c46733f9df4a7bb932487ade876b7a30c3dd6080;0ffa8a14ad937033dba28787573a99682971de1d;0ffa8a14ad937033dba28787573a99682971de1d;0ffa8a14ad937033dba28787573a99682971de1d;dff406121cd8809d2aa91f9a89497ac61a53727c;0ffa8a14ad937033dba28787573a99682971de1d;5a013c49508291c6816ac388f93a2c11973086ed;fa6ada0e9efdf01ecb9186b76629555629bf6ecd;10dbc77a68241ca76bdb1e6ff1fbf7951b72f53e;fff49bd7f46c38c28dc6cbdcddf38daa3688823a;a92ee9477900481f8c19e6bf0e4ea153b6d63c4a;a8de728c461c127b98ea2fe4c4fc19c3977966e0
87;accente gmbh;missing;oststr. 80-82 | 22844 norderstedt;norderstedt;22844;germany;stationery;m3;not_mapped;agriculture_livestock;plants_fertilizers;soil;agriculture & animal husbandry;minerals agriculture & animal husbandry;71.31;customised beakers;stationary lifting systems;hydraulic tryout presses;cars;frozen_food;cars;80.12;57.24;65.75;accente-gmbh_deu452944-00101;9c6e6efd9e408176e86892d01fb580292ca737d2;3b12ea31d5458a64b384de7f8efa70350eea0e3c;3b12ea31d5458a64b384de7f8efa70350eea0e3c;3b12ea31d5458a64b384de7f8efa70350eea0e3c;b097d25eeaecf31b7504e9517e870631ce88e943;3b12ea31d5458a64b384de7f8efa70350eea0e3c;5a013c49508291c6816ac388f93a2c11973086ed;0a562983764c230b55f3efbd5210f8e0537c0ab2;c683fd9e04ece6c2bd0ec39805bd2ee22a46ce1e;6cab14408b4e9298a6255076bc425621d67ffbb6;5f7fc152cee42b4141c0d1a316a30d2dc22a5f03;7cee69a1a620c01f0498037a5cab0ccf685796a7
